ts,method,path,status_code,duration_ms,user_id,user_agent
2026-08-24 09:00:00,GET,/health,200,6,,python-httpx/0.28.1
2026-08-24 09:02:00,POST,/conversations/ca02135e-92b1-43f2-8ede-0d7ac3baea9e/messages,200,150,a92f4d18-6b77-4c55-9e02-1f3b7c8d4e6a,Mozilla/5.0 (Windows NT 10.0; Win64; x64) Chrome/141.0
2026-08-24 09:05:00,GET,/health,200,2,,python-httpx/0.28.1
2026-08-24 09:08:00,POST,/conversations,200,42,3fa85f64-5717-4562-b3fc-2c963f66afa6,Mozilla/5.0 (Windows NT 10.0; Win64; x64) Chrome/141.0
2026-08-24 09:10:00,GET,/health,200,3,,python-httpx/0.28.1
2026-08-24 09:12:00,GET,/conversations/7e62aa0a-1df9-4d78-9c65-39382b0537e6/messages,200,80,a92f4d18-6b77-4c55-9e02-1f3b7c8d4e6a,Mozilla/5.0 (Windows NT 10.0; Win64; x64) Chrome/141.0
2026-08-24 09:13:00,POST,/conversations/b774eb52-48db-40af-b215-8370d269a9a5/messages,200,133,7c1e9b02-44da-4f0e-9a31-8ad5c6f21b90,Mozilla/5.0 (Windows NT 10.0; Win64; x64) Chrome/141.0
2026-08-24 09:14:00,POST,/conversations,200,92,5e90694f-0aca-43e6-b6dd-68daa289b104,Mozilla/5.0 (Windows NT 10.0; Win64; x64) Chrome/141.0
2026-08-24 09:15:00,GET,/health,200,8,,python-httpx/0.28.1
2026-08-24 09:20:00,GET,/health,200,6,,python-httpx/0.28.1
2026-08-24 09:20:00,POST,/conversations/18f135d2-5f55-4203-b018-50c5a38fd547/messages,200,170,a92f4d18-6b77-4c55-9e02-1f3b7c8d4e6a,Mozilla/5.0 (Windows NT 10.0; Win64; x64) Chrome/141.0
2026-08-24 09:23:00,GET,/me/conversations,200,49,a92f4d18-6b77-4c55-9e02-1f3b7c8d4e6a,Mozilla/5.0 (Windows NT 10.0; Win64; x64) Chrome/141.0
2026-08-24 09:25:00,GET,/health,200,9,,python-httpx/0.28.1
2026-08-24 09:29:00,GET,/conversations/6b4cb242-4a23-4596-a217-beaddbc496cb/messages,200,117,7c1e9b02-44da-4f0e-9a31-8ad5c6f21b90,Mozilla/5.0 (Windows NT 10.0; Win64; x64) Chrome/141.0
2026-08-24 09:30:00,GET,/health,200,7,,python-httpx/0.28.1
2026-08-24 09:33:00,GET,/conversations/57ee05cd-e009-42c7-bebf-f20686734721/messages,200,124,7c1e9b02-44da-4f0e-9a31-8ad5c6f21b90,Mozilla/5.0 (Windows NT 10.0; Win64; x64) Chrome/141.0
2026-08-24 09:33:00,GET,/conversations/57ee05cd-e009-42c7-bebf-f20686734721/messages,200,124,7c1e9b02-44da-4f0e-9a31-8ad5c6f21b90,Mozilla/5.0 (Windows NT 10.0; Win64; x64) Chrome/141.0
2026-08-24 09:35:00,POST,/conversations/451abd81-f1d6-4ed6-97f5-e837d70820fe/messages,200,186,,Mozilla/5.0 (Windows NT 10.0; Win64; x64) Chrome/141.0
2026-08-24 09:35:00,GET,/health,200,6,,python-httpx/0.28.1
2026-08-24 09:40:00,GET,/me,200,21,5e90694f-0aca-43e6-b6dd-68daa289b104,Mozilla/5.0 (Windows NT 10.0; Win64; x64) Chrome/141.0
2026-08-24 09:40:00,GET,/health,200,9,,python-httpx/0.28.1
2026-08-24 09:42:00,POST,/conversations/7f26144b-9828-4fcd-99a5-4a7bb1fee08f/messages,200,89,3fa85f64-5717-4562-b3fc-2c963f66afa6,Mozilla/5.0 (Windows NT 10.0; Win64; x64) Chrome/141.0
2026-08-24 09:43:00,GET,/me/conversations,200,86,a92f4d18-6b77-4c55-9e02-1f3b7c8d4e6a,Mozilla/5.0 (Windows NT 10.0; Win64; x64) Chrome/141.0
2026-08-24 09:45:00,GET,/health,200,4,,python-httpx/0.28.1
2026-08-24 09:46:00,GET,/conversations/13deef86-ab10-41d0-b646-e1f40a097c97/messages,500,348,5e90694f-0aca-43e6-b6dd-68daa289b104,Mozilla/5.0 (Windows NT 10.0; Win64; x64) Chrome/141.0
2026-08-24 09:50:00,GET,/conversations/b774eb52-48db-40af-b215-8370d269a9a5/messages,200,,a92f4d18-6b77-4c55-9e02-1f3b7c8d4e6a,Mozilla/5.0 (Windows NT 10.0; Win64; x64) Chrome/141.0
2026-08-24 09:50:00,GET,/health,200,5,,python-httpx/0.28.1
2026-08-24 09:50:00,GET,/conversations/b774eb52-48db-40af-b215-8370d269a9a5/messages,200,,a92f4d18-6b77-4c55-9e02-1f3b7c8d4e6a,Mozilla/5.0 (Windows NT 10.0; Win64; x64) Chrome/141.0
2026-08-24 09:54:00,GET,/conversations/58d5563d-ab2c-431e-a315-128862c33a4f/messages,200,130,3fa85f64-5717-4562-b3fc-2c963f66afa6,Mozilla/5.0 (Windows NT 10.0; Win64; x64) Chrome/141.0
2026-08-24 09:55:00,GET,/health,200,8,,python-httpx/0.28.1
2026-08-24 09:57:00,GET,/me/conversations,200,31,3fa85f64-5717-4562-b3fc-2c963f66afa6,Mozilla/5.0 (Windows NT 10.0; Win64; x64) Chrome/141.0
2026-08-24 09:59:00,GET,/me/conversations,200,87,5e90694f-0aca-43e6-b6dd-68daa289b104,Mozilla/5.0 (Windows NT 10.0; Win64; x64) Chrome/141.0
2026-08-24 10:00:00,GET,/health,200,9,,python-httpx/0.28.1
2026-08-24 10:03:00,GET,/conversations/c7a2ea20-b2f1-4c94-ae05-319acb5c7427/messages,200,65,a92f4d18-6b77-4c55-9e02-1f3b7c8d4e6a,Mozilla/5.0 (Windows NT 10.0; Win64; x64) Chrome/141.0
2026-08-24 10:05:00,GET,/health,200,3,,python-httpx/0.28.1
2026-08-24 10:06:00,POST,/conversations,200,94,3fa85f64-5717-4562-b3fc-2c963f66afa6,Mozilla/5.0 (Windows NT 10.0; Win64; x64) Chrome/141.0
2026-08-24 10:10:00,GET,/health,200,8,,python-httpx/0.28.1
2026-08-24 10:12:00,GET,/conversations/8d116ece-1738-47d9-bd9c-172411e20b8f/messages,200,131,7c1e9b02-44da-4f0e-9a31-8ad5c6f21b90,Mozilla/5.0 (Windows NT 10.0; Win64; x64) Chrome/141.0
2026-08-24 10:15:00,GET,/health,200,8,,python-httpx/0.28.1
2026-08-24 10:18:00,POST,/conversations,200,58,7c1e9b02-44da-4f0e-9a31-8ad5c6f21b90,Mozilla/5.0 (Windows NT 10.0; Win64; x64) Chrome/141.0
2026-08-24 10:20:00,GET,/health,200,6,,python-httpx/0.28.1
2026-08-24 10:24:00,GET,/me,200,,3fa85f64-5717-4562-b3fc-2c963f66afa6,Mozilla/5.0 (Windows NT 10.0; Win64; x64) Chrome/141.0
2026-08-24 10:25:00,GET,/health,200,3,,python-httpx/0.28.1
2026-08-24 10:27:00,GET,/conversations/7f1b103c-df15-42b0-aab4-77d26415479c/messages,200,91,7c1e9b02-44da-4f0e-9a31-8ad5c6f21b90,Mozilla/5.0 (Windows NT 10.0; Win64; x64) Chrome/141.0
2026-08-24 10:28:00,GET,/conversations/8e81973e-0bec-47b0-b898-d190f9ebdacc/messages,500,152,,Mozilla/5.0 (Windows NT 10.0; Win64; x64) Chrome/141.0
2026-08-24 10:28:00,GET,/conversations/8e81973e-0bec-47b0-b898-d190f9ebdacc/messages,500,152,,Mozilla/5.0 (Windows NT 10.0; Win64; x64) Chrome/141.0
2026-08-24 10:30:00,GET,/me/conversations,200,78,7c1e9b02-44da-4f0e-9a31-8ad5c6f21b90,Mozilla/5.0 (Windows NT 10.0; Win64; x64) Chrome/141.0
2026-08-24 10:30:00,GET,/health,200,4,,python-httpx/0.28.1
2026-08-24 10:35:00,GET,/conversations/13deef86-ab10-41d0-b646-e1f40a097c97/messages,404,82,5e90694f-0aca-43e6-b6dd-68daa289b104,Mozilla/5.0 (Windows NT 10.0; Win64; x64) Chrome/141.0
2026-08-24 10:35:00,GET,/health,200,7,,python-httpx/0.28.1
2026-08-24 10:39:00,GET,/conversations/7f150524-34b9-45df-9e77-69b10f4205b4/messages,200,98,,Mozilla/5.0 (Windows NT 10.0; Win64; x64) Chrome/141.0
2026-08-24 10:40:00,GET,/health,200,8,,python-httpx/0.28.1
2026-08-24 10:44:00,GET,/conversations/ec66a787-95e7-41d1-b731-af10506bf2ef/messages,200,88,7c1e9b02-44da-4f0e-9a31-8ad5c6f21b90,Mozilla/5.0 (Windows NT 10.0; Win64; x64) Chrome/141.0
2026-08-24 10:45:00,GET,/health,200,2,,python-httpx/0.28.1
2026-08-24 10:50:00,GET,/conversations/7e62aa0a-1df9-4d78-9c65-39382b0537e6/messages,200,16,7c1e9b02-44da-4f0e-9a31-8ad5c6f21b90,Mozilla/5.0 (Windows NT 10.0; Win64; x64) Chrome/141.0
2026-08-24 10:50:00,GET,/conversations/7e62aa0a-1df9-4d78-9c65-39382b0537e6/messages,200,16,7c1e9b02-44da-4f0e-9a31-8ad5c6f21b90,Mozilla/5.0 (Windows NT 10.0; Win64; x64) Chrome/141.0
2026-08-24 10:50:00,GET,/health,200,6,,python-httpx/0.28.1
2026-08-24 10:51:00,POST,/conversations/b774eb52-48db-40af-b215-8370d269a9a5/messages,200,78,,Mozilla/5.0 (Windows NT 10.0; Win64; x64) Chrome/141.0
2026-08-24 10:55:00,GET,/health,200,5,,python-httpx/0.28.1
2026-08-24 10:56:00,GET,/me,200,65,3fa85f64-5717-4562-b3fc-2c963f66afa6,Mozilla/5.0 (Windows NT 10.0; Win64; x64) Chrome/141.0
2026-08-24 11:00:00,GET,/health,200,8,,python-httpx/0.28.1
2026-08-24 11:02:00,GET,/conversations/8d116ece-1738-47d9-bd9c-172411e20b8f/messages,200,74,5e90694f-0aca-43e6-b6dd-68daa289b104,Mozilla/5.0 (Windows NT 10.0; Win64; x64) Chrome/141.0
2026-08-24 11:05:00,GET,/health,200,6,,python-httpx/0.28.1
2026-08-24 11:07:00,GET,/conversations/ae97ba94-d0ed-482f-8f6d-05584ef8aa38/messages,200,107,7c1e9b02-44da-4f0e-9a31-8ad5c6f21b90,Mozilla/5.0 (Windows NT 10.0; Win64; x64) Chrome/141.0
2026-08-24 11:07:00,GET,/conversations/ae97ba94-d0ed-482f-8f6d-05584ef8aa38/messages,200,107,7c1e9b02-44da-4f0e-9a31-8ad5c6f21b90,Mozilla/5.0 (Windows NT 10.0; Win64; x64) Chrome/141.0
2026-08-24 11:10:00,GET,/health,200,5,,python-httpx/0.28.1
2026-08-24 11:13:00,GET,/me/conversations,200,51,5e90694f-0aca-43e6-b6dd-68daa289b104,Mozilla/5.0 (Windows NT 10.0; Win64; x64) Chrome/141.0
2026-08-24 11:15:00,GET,/health,200,7,,python-httpx/0.28.1
2026-08-24 11:19:00,GET,/conversations/3f98e277-4cbd-47ad-9c90-a9587403e430/messages,200,118,5e90694f-0aca-43e6-b6dd-68daa289b104,Mozilla/5.0 (Windows NT 10.0; Win64; x64) Chrome/141.0
2026-08-24 11:20:00,GET,/health,200,4,,python-httpx/0.28.1
2026-08-24 11:21:00,GET,/conversations/c7a2ea20-b2f1-4c94-ae05-319acb5c7427/messages,200,,a92f4d18-6b77-4c55-9e02-1f3b7c8d4e6a,Mozilla/5.0 (Windows NT 10.0; Win64; x64) Chrome/141.0
2026-08-24 11:25:00,GET,/health,200,3,,python-httpx/0.28.1
2026-08-24 11:27:00,GET,/me/conversations,200,64,7c1e9b02-44da-4f0e-9a31-8ad5c6f21b90,Mozilla/5.0 (Windows NT 10.0; Win64; x64) Chrome/141.0
2026-08-24 11:30:00,GET,/health,200,8,,python-httpx/0.28.1
2026-08-24 11:33:00,GET,/conversations/57124242-5051-41cc-917f-9acae01f5057/messages,200,85,5e90694f-0aca-43e6-b6dd-68daa289b104,Mozilla/5.0 (Windows NT 10.0; Win64; x64) Chrome/141.0
2026-08-24 11:35:00,GET,/health,200,3,,python-httpx/0.28.1
2026-08-24 11:38:00,POST,/conversations,500,500,a92f4d18-6b77-4c55-9e02-1f3b7c8d4e6a,Mozilla/5.0 (Windows NT 10.0; Win64; x64) Chrome/141.0
2026-08-24 11:39:00,GET,/conversations/7f150524-34b9-45df-9e77-69b10f4205b4/messages,200,87,a92f4d18-6b77-4c55-9e02-1f3b7c8d4e6a,Mozilla/5.0 (Windows NT 10.0; Win64; x64) Chrome/141.0
2026-08-24 11:40:00,GET,/health,200,5,,python-httpx/0.28.1
2026-08-24 11:45:00,GET,/conversations/b774eb52-48db-40af-b215-8370d269a9a5/messages,200,87,5e90694f-0aca-43e6-b6dd-68daa289b104,Mozilla/5.0 (Windows NT 10.0; Win64; x64) Chrome/141.0
2026-08-24 11:45:00,GET,/health,200,8,,python-httpx/0.28.1
2026-08-24 11:49:00,GET,/me,200,45,7c1e9b02-44da-4f0e-9a31-8ad5c6f21b90,Mozilla/5.0 (Windows NT 10.0; Win64; x64) Chrome/141.0
2026-08-24 11:50:00,GET,/health,200,9,,python-httpx/0.28.1
2026-08-24 11:54:00,POST,/conversations/4f426dcb-b394-4b36-bb2d-420f0f88080b/messages,200,192,,Mozilla/5.0 (Windows NT 10.0; Win64; x64) Chrome/141.0
2026-08-24 11:55:00,GET,/health,200,5,,python-httpx/0.28.1
2026-08-24 12:00:00,GET,/conversations/ae97ba94-d0ed-482f-8f6d-05584ef8aa38/messages,200,34,5e90694f-0aca-43e6-b6dd-68daa289b104,Mozilla/5.0 (Windows NT 10.0; Win64; x64) Chrome/141.0
2026-08-24 12:00:00,GET,/health,200,7,,python-httpx/0.28.1
2026-08-24 12:03:00,GET,/conversations/6b0d549b-6f03-475a-9600-a35a099950d8/messages,200,62,a92f4d18-6b77-4c55-9e02-1f3b7c8d4e6a,Mozilla/5.0 (Windows NT 10.0; Win64; x64) Chrome/141.0
2026-08-24 12:04:00,GET,/conversations/57124242-5051-41cc-917f-9acae01f5057/messages,200,73,7c1e9b02-44da-4f0e-9a31-8ad5c6f21b90,Mozilla/5.0 (Windows NT 10.0; Win64; x64) Chrome/141.0
2026-08-24 12:05:00,GET,/health,200,8,,python-httpx/0.28.1
2026-08-24 12:10:00,GET,/health,200,7,,python-httpx/0.28.1
2026-08-24 12:10:00,GET,/conversations/907a70c3-1012-4037-b64c-e4228c38fb29/messages,200,119,a92f4d18-6b77-4c55-9e02-1f3b7c8d4e6a,Mozilla/5.0 (Windows NT 10.0; Win64; x64) Chrome/141.0
2026-08-24 12:14:00,POST,/conversations/5790f82e-c1d3-4cff-aa3a-f4d46b0a18e8/messages,200,156,,Mozilla/5.0 (Windows NT 10.0; Win64; x64) Chrome/141.0
2026-08-24 12:15:00,POST,/conversations/9be4bcfc-49b6-4a08-b2e6-cc3ababced20/messages,200,203,7c1e9b02-44da-4f0e-9a31-8ad5c6f21b90,Mozilla/5.0 (Windows NT 10.0; Win64; x64) Chrome/141.0
2026-08-24 12:15:00,GET,/health,200,6,,python-httpx/0.28.1
2026-08-24 12:20:00,GET,/health,200,2,,python-httpx/0.28.1
2026-08-24 12:21:00,POST,/conversations/9be4bcfc-49b6-4a08-b2e6-cc3ababced20/messages,200,143,5e90694f-0aca-43e6-b6dd-68daa289b104,Mozilla/5.0 (Windows NT 10.0; Win64; x64) Chrome/141.0
2026-08-24 12:23:00,POST,/conversations/10a3d6b2-aa05-411a-b271-5945795e8229/messages,200,,5e90694f-0aca-43e6-b6dd-68daa289b104,Mozilla/5.0 (Windows NT 10.0; Win64; x64) Chrome/141.0
2026-08-24 12:25:00,GET,/health,200,7,,python-httpx/0.28.1
2026-08-24 12:29:00,GET,/me/conversations,404,59,a92f4d18-6b77-4c55-9e02-1f3b7c8d4e6a,Mozilla/5.0 (Windows NT 10.0; Win64; x64) Chrome/141.0
2026-08-24 12:30:00,GET,/health,200,2,,python-httpx/0.28.1
2026-08-24 12:33:00,GET,/me,200,59,7c1e9b02-44da-4f0e-9a31-8ad5c6f21b90,Mozilla/5.0 (Windows NT 10.0; Win64; x64) Chrome/141.0
2026-08-24 12:35:00,GET,/health,200,9,,python-httpx/0.28.1
2026-08-24 12:37:00,POST,/conversations,200,112,5e90694f-0aca-43e6-b6dd-68daa289b104,Mozilla/5.0 (Windows NT 10.0; Win64; x64) Chrome/141.0
2026-08-24 12:40:00,GET,/me/conversations,200,64,,Mozilla/5.0 (Windows NT 10.0; Win64; x64) Chrome/141.0
2026-08-24 12:40:00,GET,/health,200,5,,python-httpx/0.28.1
2026-08-24 12:45:00,GET,/me/conversations,200,77,5e90694f-0aca-43e6-b6dd-68daa289b104,Mozilla/5.0 (Windows NT 10.0; Win64; x64) Chrome/141.0
2026-08-24 12:45:00,GET,/health,200,4,,python-httpx/0.28.1
2026-08-24 12:47:00,GET,/me/conversations,200,89,3fa85f64-5717-4562-b3fc-2c963f66afa6,Mozilla/5.0 (Windows NT 10.0; Win64; x64) Chrome/141.0
2026-08-24 12:49:00,GET,/me/conversations,200,72,a92f4d18-6b77-4c55-9e02-1f3b7c8d4e6a,Mozilla/5.0 (Windows NT 10.0; Win64; x64) Chrome/141.0
2026-08-24 12:50:00,GET,/health,200,4,,python-httpx/0.28.1
2026-08-24 12:55:00,GET,/health,200,7,,python-httpx/0.28.1
2026-08-24 12:55:00,POST,/conversations,200,138,,Mozilla/5.0 (Windows NT 10.0; Win64; x64) Chrome/141.0
2026-08-24 12:55:00,POST,/conversations,200,138,,Mozilla/5.0 (Windows NT 10.0; Win64; x64) Chrome/141.0
2026-08-24 12:56:00,POST,/conversations,200,139,3fa85f64-5717-4562-b3fc-2c963f66afa6,Mozilla/5.0 (Windows NT 10.0; Win64; x64) Chrome/141.0
2026-08-24 12:58:00,POST,/conversations/ae658f33-fe3b-490b-93f4-48b3a5aa3c81/messages,200,166,,Mozilla/5.0 (Windows NT 10.0; Win64; x64) Chrome/141.0
2026-08-24 13:00:00,GET,/health,200,4,,python-httpx/0.28.1
2026-08-24 13:04:00,GET,/me/conversations,200,59,a92f4d18-6b77-4c55-9e02-1f3b7c8d4e6a,Mozilla/5.0 (Windows NT 10.0; Win64; x64) Chrome/141.0
2026-08-24 13:05:00,GET,/health,200,7,,python-httpx/0.28.1
2026-08-24 13:10:00,GET,/health,200,3,,python-httpx/0.28.1
2026-08-24 13:10:00,POST,/conversations,200,95,5e90694f-0aca-43e6-b6dd-68daa289b104,Mozilla/5.0 (Windows NT 10.0; Win64; x64) Chrome/141.0
2026-08-24 13:11:00,GET,/me/conversations,200,53,7c1e9b02-44da-4f0e-9a31-8ad5c6f21b90,Mozilla/5.0 (Windows NT 10.0; Win64; x64) Chrome/141.0
2026-08-24 13:15:00,GET,/health,200,6,,python-httpx/0.28.1
2026-08-24 13:16:00,GET,/conversations/8d116ece-1738-47d9-bd9c-172411e20b8f/messages,200,99,3fa85f64-5717-4562-b3fc-2c963f66afa6,Mozilla/5.0 (Windows NT 10.0; Win64; x64) Chrome/141.0
2026-08-24 13:20:00,GET,/conversations/7f26144b-9828-4fcd-99a5-4a7bb1fee08f/messages,500,372,a92f4d18-6b77-4c55-9e02-1f3b7c8d4e6a,Mozilla/5.0 (Windows NT 10.0; Win64; x64) Chrome/141.0
2026-08-24 13:20:00,GET,/health,200,2,,python-httpx/0.28.1
2026-08-24 13:25:00,GET,/health,200,3,,python-httpx/0.28.1
2026-08-24 13:26:00,GET,/me,200,22,a92f4d18-6b77-4c55-9e02-1f3b7c8d4e6a,Mozilla/5.0 (Windows NT 10.0; Win64; x64) Chrome/141.0
2026-08-24 13:28:00,GET,/me/conversations,200,84,a92f4d18-6b77-4c55-9e02-1f3b7c8d4e6a,Mozilla/5.0 (Windows NT 10.0; Win64; x64) Chrome/141.0
2026-08-24 13:29:00,GET,/me/conversations,200,8,7c1e9b02-44da-4f0e-9a31-8ad5c6f21b90,Mozilla/5.0 (Windows NT 10.0; Win64; x64) Chrome/141.0
2026-08-24 13:30:00,GET,/health,200,6,,python-httpx/0.28.1
2026-08-24 13:35:00,GET,/health,200,5,,python-httpx/0.28.1
2026-08-24 13:35:00,GET,/conversations/451abd81-f1d6-4ed6-97f5-e837d70820fe/messages,200,129,5e90694f-0aca-43e6-b6dd-68daa289b104,Mozilla/5.0 (Windows NT 10.0; Win64; x64) Chrome/141.0
2026-08-24 13:40:00,GET,/health,200,6,,python-httpx/0.28.1
2026-08-24 13:41:00,GET,/me/conversations,200,44,7c1e9b02-44da-4f0e-9a31-8ad5c6f21b90,Mozilla/5.0 (Windows NT 10.0; Win64; x64) Chrome/141.0
2026-08-24 13:43:00,GET,/me/conversations,200,36,3fa85f64-5717-4562-b3fc-2c963f66afa6,Mozilla/5.0 (Windows NT 10.0; Win64; x64) Chrome/141.0
2026-08-24 13:45:00,GET,/health,200,3,,python-httpx/0.28.1
2026-08-24 13:46:00,POST,/conversations,200,104,7c1e9b02-44da-4f0e-9a31-8ad5c6f21b90,Mozilla/5.0 (Windows NT 10.0; Win64; x64) Chrome/141.0
2026-08-24 13:49:00,POST,/conversations,200,22,a92f4d18-6b77-4c55-9e02-1f3b7c8d4e6a,Mozilla/5.0 (Windows NT 10.0; Win64; x64) Chrome/141.0
2026-08-24 13:50:00,GET,/health,200,6,,python-httpx/0.28.1
2026-08-24 13:53:00,GET,/me/conversations,200,12,7c1e9b02-44da-4f0e-9a31-8ad5c6f21b90,Mozilla/5.0 (Windows NT 10.0; Win64; x64) Chrome/141.0
2026-08-24 13:55:00,GET,/health,200,9,,python-httpx/0.28.1
2026-08-24 13:59:00,POST,/conversations,200,77,,Mozilla/5.0 (Windows NT 10.0; Win64; x64) Chrome/141.0
2026-08-24 14:05:00,GET,/me/conversations,200,81,3fa85f64-5717-4562-b3fc-2c963f66afa6,Mozilla/5.0 (Windows NT 10.0; Win64; x64) Chrome/141.0
2026-08-24 14:09:00,POST,/conversations/7f26144b-9828-4fcd-99a5-4a7bb1fee08f/messages,200,124,7c1e9b02-44da-4f0e-9a31-8ad5c6f21b90,Mozilla/5.0 (Windows NT 10.0; Win64; x64) Chrome/141.0
2026-08-24 14:15:00,GET,/me/conversations,200,52,7c1e9b02-44da-4f0e-9a31-8ad5c6f21b90,Mozilla/5.0 (Windows NT 10.0; Win64; x64) Chrome/141.0
2026-08-24 14:16:00,POST,/conversations/ca02135e-92b1-43f2-8ede-0d7ac3baea9e/messages,200,154,3fa85f64-5717-4562-b3fc-2c963f66afa6,Mozilla/5.0 (Windows NT 10.0; Win64; x64) Chrome/141.0
2026-08-24 14:18:00,GET,/conversations/6b4cb242-4a23-4596-a217-beaddbc496cb/messages,200,130,3fa85f64-5717-4562-b3fc-2c963f66afa6,Mozilla/5.0 (Windows NT 10.0; Win64; x64) Chrome/141.0
2026-08-24 14:22:00,GET,/me/conversations,200,8,5e90694f-0aca-43e6-b6dd-68daa289b104,Mozilla/5.0 (Windows NT 10.0; Win64; x64) Chrome/141.0
2026-08-24 14:28:00,POST,/conversations/c7a2ea20-b2f1-4c94-ae05-319acb5c7427/messages,200,123,a92f4d18-6b77-4c55-9e02-1f3b7c8d4e6a,Mozilla/5.0 (Windows NT 10.0; Win64; x64) Chrome/141.0
2026-08-24 14:33:00,GET,/conversations/a170b338-3926-4059-b28c-105d1fb17c23/messages,200,99,,Mozilla/5.0 (Windows NT 10.0; Win64; x64) Chrome/141.0
2026-08-24 14:33:00,GET,/conversations/a170b338-3926-4059-b28c-105d1fb17c23/messages,200,99,,Mozilla/5.0 (Windows NT 10.0; Win64; x64) Chrome/141.0
2026-08-24 14:38:00,POST,/conversations/6b0d549b-6f03-475a-9600-a35a099950d8/messages,200,200,7c1e9b02-44da-4f0e-9a31-8ad5c6f21b90,Mozilla/5.0 (Windows NT 10.0; Win64; x64) Chrome/141.0
2026-08-24 14:42:00,GET,/conversations/49952399-c4aa-4ac1-b7dc-76fb0f17a300/messages,200,88,5e90694f-0aca-43e6-b6dd-68daa289b104,Mozilla/5.0 (Windows NT 10.0; Win64; x64) Chrome/141.0
2026-08-24 14:43:00,GET,/conversations/3f98e277-4cbd-47ad-9c90-a9587403e430/messages,500,360,3fa85f64-5717-4562-b3fc-2c963f66afa6,Mozilla/5.0 (Windows NT 10.0; Win64; x64) Chrome/141.0
2026-08-24 14:44:00,GET,/conversations/9531985d-5d9d-49f8-9818-e811892f902b/messages,200,102,3fa85f64-5717-4562-b3fc-2c963f66afa6,Mozilla/5.0 (Windows NT 10.0; Win64; x64) Chrome/141.0
2026-08-24 14:50:00,POST,/conversations/451abd81-f1d6-4ed6-97f5-e837d70820fe/messages,200,79,,Mozilla/5.0 (Windows NT 10.0; Win64; x64) Chrome/141.0
2026-08-24 14:52:00,POST,/conversations,200,93,a92f4d18-6b77-4c55-9e02-1f3b7c8d4e6a,Mozilla/5.0 (Windows NT 10.0; Win64; x64) Chrome/141.0
2026-08-24 14:53:00,GET,/conversations/57124242-5051-41cc-917f-9acae01f5057/messages,200,110,7c1e9b02-44da-4f0e-9a31-8ad5c6f21b90,Mozilla/5.0 (Windows NT 10.0; Win64; x64) Chrome/141.0
2026-08-24 14:54:00,GET,/me/conversations,200,49,3fa85f64-5717-4562-b3fc-2c963f66afa6,Mozilla/5.0 (Windows NT 10.0; Win64; x64) Chrome/141.0
2026-08-24 14:55:00,GET,/me/conversations,404,53,a92f4d18-6b77-4c55-9e02-1f3b7c8d4e6a,Mozilla/5.0 (Windows NT 10.0; Win64; x64) Chrome/141.0
2026-08-24 15:00:00,GET,/me,200,36,7c1e9b02-44da-4f0e-9a31-8ad5c6f21b90,Mozilla/5.0 (Windows NT 10.0; Win64; x64) Chrome/141.0
2026-08-24 15:00:00,GET,/me,200,36,7c1e9b02-44da-4f0e-9a31-8ad5c6f21b90,Mozilla/5.0 (Windows NT 10.0; Win64; x64) Chrome/141.0
2026-08-24 15:01:00,GET,/me/conversations,200,34,3fa85f64-5717-4562-b3fc-2c963f66afa6,Mozilla/5.0 (Windows NT 10.0; Win64; x64) Chrome/141.0
2026-08-24 15:04:00,POST,/conversations/18f135d2-5f55-4203-b018-50c5a38fd547/messages,200,134,5e90694f-0aca-43e6-b6dd-68daa289b104,Mozilla/5.0 (Windows NT 10.0; Win64; x64) Chrome/141.0
2026-08-24 15:10:00,POST,/conversations/c7a2ea20-b2f1-4c94-ae05-319acb5c7427/messages,200,219,,Mozilla/5.0 (Windows NT 10.0; Win64; x64) Chrome/141.0
2026-08-24 15:11:00,POST,/conversations/8e81973e-0bec-47b0-b898-d190f9ebdacc/messages,404,199,a92f4d18-6b77-4c55-9e02-1f3b7c8d4e6a,Mozilla/5.0 (Windows NT 10.0; Win64; x64) Chrome/141.0
2026-08-24 15:17:00,GET,/me/conversations,200,38,7c1e9b02-44da-4f0e-9a31-8ad5c6f21b90,Mozilla/5.0 (Windows NT 10.0; Win64; x64) Chrome/141.0
2026-08-24 15:21:00,POST,/conversations,200,166,3fa85f64-5717-4562-b3fc-2c963f66afa6,Mozilla/5.0 (Windows NT 10.0; Win64; x64) Chrome/141.0
2026-08-24 15:27:00,GET,/me/conversations,200,,a92f4d18-6b77-4c55-9e02-1f3b7c8d4e6a,Mozilla/5.0 (Windows NT 10.0; Win64; x64) Chrome/141.0
2026-08-24 15:40:00,GET,/me/conversations,200,64,,python-httpx/0.28.1
2026-08-24 15:41:00,GET,/me/conversations,200,69,,python-httpx/0.28.1
2026-08-24 15:42:00,GET,/me/conversations,200,38,,python-httpx/0.28.1
2026-08-24 15:43:00,GET,/me/conversations,200,62,,python-httpx/0.28.1
2026-08-24 15:44:00,GET,/me/conversations,200,25,,python-httpx/0.28.1
2026-08-24 15:45:00,GET,/me/conversations,200,45,,python-httpx/0.28.1
2026-08-24 15:46:00,GET,/me/conversations,200,33,,python-httpx/0.28.1
2026-08-24 15:47:00,GET,/me/conversations,200,45,,python-httpx/0.28.1
2026-08-24 15:48:00,GET,/me/conversations,200,31,,python-httpx/0.28.1
2026-08-24 15:49:00,GET,/me/conversations,200,30,,python-httpx/0.28.1
2026-08-24 15:50:00,GET,/me/conversations,200,53,,python-httpx/0.28.1
2026-08-24 15:51:00,GET,/me/conversations,200,47,,python-httpx/0.28.1
2026-08-24 15:52:00,GET,/me/conversations,200,44,,python-httpx/0.28.1
2026-08-24 15:53:00,GET,/me/conversations,200,25,,python-httpx/0.28.1
2026-08-24 15:54:00,GET,/me/conversations,200,27,,python-httpx/0.28.1
2026-08-24 15:55:00,GET,/me/conversations,200,51,,python-httpx/0.28.1
2026-08-24 15:56:00,GET,/me/conversations,200,49,,python-httpx/0.28.1
2026-08-24 15:57:00,GET,/me/conversations,200,27,,python-httpx/0.28.1
2026-08-24 15:58:00,GET,/me/conversations,200,27,,python-httpx/0.28.1
2026-08-24 15:59:00,GET,/me/conversations,200,50,,python-httpx/0.28.1
2026-08-24 16:00:00,GET,/me/conversations,200,52,,python-httpx/0.28.1
2026-08-24 16:01:00,GET,/me/conversations,200,42,,python-httpx/0.28.1
2026-08-24 16:02:00,GET,/me/conversations,200,60,,python-httpx/0.28.1
2026-08-24 16:03:00,GET,/me/conversations,200,63,,python-httpx/0.28.1
2026-08-24 16:04:00,GET,/me/conversations,200,58,,python-httpx/0.28.1
2026-08-24 16:05:00,GET,/me/conversations,200,39,,python-httpx/0.28.1
2026-08-24 16:06:00,GET,/me/conversations,200,54,,python-httpx/0.28.1
2026-08-24 16:07:00,GET,/me/conversations,200,70,,python-httpx/0.28.1
2026-08-24 16:08:00,GET,/me/conversations,200,25,,python-httpx/0.28.1
2026-08-24 16:09:00,GET,/me/conversations,200,70,,python-httpx/0.28.1
2026-08-24 16:10:00,GET,/me/conversations,200,37,,python-httpx/0.28.1
2026-08-24 16:11:00,GET,/me/conversations,200,61,,python-httpx/0.28.1
2026-08-24 16:12:00,GET,/me/conversations,200,30,,python-httpx/0.28.1
2026-08-24 16:13:00,GET,/me/conversations,200,54,,python-httpx/0.28.1
2026-08-24 16:14:00,GET,/me/conversations,200,40,,python-httpx/0.28.1
2026-08-24 16:15:00,GET,/me/conversations,200,40,,python-httpx/0.28.1
2026-08-24 16:16:00,GET,/me/conversations,200,48,,python-httpx/0.28.1
2026-08-24 16:17:00,GET,/me/conversations,200,65,,python-httpx/0.28.1
2026-08-24 16:18:00,GET,/me/conversations,200,31,,python-httpx/0.28.1
2026-08-24 16:19:00,GET,/me/conversations,200,64,,python-httpx/0.28.1
2026-08-25 09:00:00,GET,/health,200,7,,python-httpx/0.28.1
2026-08-25 09:05:00,GET,/health,200,3,,python-httpx/0.28.1
2026-08-25 09:06:00,POST,/conversations,200,118,3fa85f64-5717-4562-b3fc-2c963f66afa6,Mozilla/5.0 (Windows NT 10.0; Win64; x64) Chrome/141.0
2026-08-25 09:07:00,GET,/conversations/6b4cb242-4a23-4596-a217-beaddbc496cb/messages,404,64,3fa85f64-5717-4562-b3fc-2c963f66afa6,Mozilla/5.0 (Windows NT 10.0; Win64; x64) Chrome/141.0
2026-08-25 09:08:00,GET,/me/conversations,200,78,3fa85f64-5717-4562-b3fc-2c963f66afa6,Mozilla/5.0 (Windows NT 10.0; Win64; x64) Chrome/141.0
2026-08-25 09:10:00,GET,/health,200,6,,python-httpx/0.28.1
2026-08-25 09:11:00,POST,/conversations/6b4cb242-4a23-4596-a217-beaddbc496cb/messages,200,108,3fa85f64-5717-4562-b3fc-2c963f66afa6,Mozilla/5.0 (Windows NT 10.0; Win64; x64) Chrome/141.0
2026-08-25 09:14:00,POST,/conversations,200,172,5e90694f-0aca-43e6-b6dd-68daa289b104,Mozilla/5.0 (Windows NT 10.0; Win64; x64) Chrome/141.0
2026-08-25 09:15:00,GET,/health,200,7,,python-httpx/0.28.1
2026-08-25 09:15:00,POST,/conversations,200,156,3fa85f64-5717-4562-b3fc-2c963f66afa6,Mozilla/5.0 (Windows NT 10.0; Win64; x64) Chrome/141.0
2026-08-25 09:17:00,POST,/conversations/5affb229-7631-4992-b0ce-583505c6af07/messages,200,126,3fa85f64-5717-4562-b3fc-2c963f66afa6,Mozilla/5.0 (Windows NT 10.0; Win64; x64) Chrome/141.0
2026-08-25 09:17:00,POST,/conversations/5affb229-7631-4992-b0ce-583505c6af07/messages,200,126,3fa85f64-5717-4562-b3fc-2c963f66afa6,Mozilla/5.0 (Windows NT 10.0; Win64; x64) Chrome/141.0
2026-08-25 09:20:00,GET,/health,200,4,,python-httpx/0.28.1
2026-08-25 09:23:00,GET,/me/conversations,404,90,a92f4d18-6b77-4c55-9e02-1f3b7c8d4e6a,Mozilla/5.0 (Windows NT 10.0; Win64; x64) Chrome/141.0
2026-08-25 09:25:00,GET,/health,200,3,,python-httpx/0.28.1
2026-08-25 09:27:00,POST,/conversations/9531985d-5d9d-49f8-9818-e811892f902b/messages,200,213,5e90694f-0aca-43e6-b6dd-68daa289b104,Mozilla/5.0 (Windows NT 10.0; Win64; x64) Chrome/141.0
2026-08-25 09:30:00,GET,/health,200,4,,python-httpx/0.28.1
2026-08-25 09:31:00,GET,/me/conversations,200,,a92f4d18-6b77-4c55-9e02-1f3b7c8d4e6a,Mozilla/5.0 (Windows NT 10.0; Win64; x64) Chrome/141.0
2026-08-25 09:33:00,GET,/me/conversations,200,62,7c1e9b02-44da-4f0e-9a31-8ad5c6f21b90,Mozilla/5.0 (Windows NT 10.0; Win64; x64) Chrome/141.0
2026-08-25 09:34:00,GET,/me,200,41,5e90694f-0aca-43e6-b6dd-68daa289b104,Mozilla/5.0 (Windows NT 10.0; Win64; x64) Chrome/141.0
2026-08-25 09:35:00,GET,/health,200,5,,python-httpx/0.28.1
2026-08-25 09:35:00,GET,/conversations/ec66a787-95e7-41d1-b731-af10506bf2ef/messages,200,83,7c1e9b02-44da-4f0e-9a31-8ad5c6f21b90,Mozilla/5.0 (Windows NT 10.0; Win64; x64) Chrome/141.0
2026-08-25 09:38:00,GET,/me,200,24,5e90694f-0aca-43e6-b6dd-68daa289b104,Mozilla/5.0 (Windows NT 10.0; Win64; x64) Chrome/141.0
2026-08-25 09:40:00,GET,/health,200,9,,python-httpx/0.28.1
2026-08-25 09:42:00,GET,/conversations/13deef86-ab10-41d0-b646-e1f40a097c97/messages,200,37,5e90694f-0aca-43e6-b6dd-68daa289b104,Mozilla/5.0 (Windows NT 10.0; Win64; x64) Chrome/141.0
2026-08-25 09:45:00,GET,/health,200,2,,python-httpx/0.28.1
2026-08-25 09:46:00,GET,/me,200,34,a92f4d18-6b77-4c55-9e02-1f3b7c8d4e6a,Mozilla/5.0 (Windows NT 10.0; Win64; x64) Chrome/141.0
2026-08-25 09:50:00,GET,/health,200,3,,python-httpx/0.28.1
2026-08-25 09:50:00,GET,/me,200,32,,Mozilla/5.0 (Windows NT 10.0; Win64; x64) Chrome/141.0
2026-08-25 09:51:00,GET,/me/conversations,200,35,7c1e9b02-44da-4f0e-9a31-8ad5c6f21b90,Mozilla/5.0 (Windows NT 10.0; Win64; x64) Chrome/141.0
2026-08-25 09:55:00,POST,/conversations,200,121,a92f4d18-6b77-4c55-9e02-1f3b7c8d4e6a,Mozilla/5.0 (Windows NT 10.0; Win64; x64) Chrome/141.0
2026-08-25 09:55:00,GET,/health,200,5,,python-httpx/0.28.1
2026-08-25 09:58:00,GET,/me/conversations,200,88,7c1e9b02-44da-4f0e-9a31-8ad5c6f21b90,Mozilla/5.0 (Windows NT 10.0; Win64; x64) Chrome/141.0
2026-08-25 09:59:00,GET,/me/conversations,200,38,7c1e9b02-44da-4f0e-9a31-8ad5c6f21b90,Mozilla/5.0 (Windows NT 10.0; Win64; x64) Chrome/141.0
2026-08-25 10:00:00,GET,/health,200,9,,python-httpx/0.28.1
2026-08-25 10:01:00,GET,/me/conversations,200,39,3fa85f64-5717-4562-b3fc-2c963f66afa6,Mozilla/5.0 (Windows NT 10.0; Win64; x64) Chrome/141.0
2026-08-25 10:04:00,GET,/conversations/65dc9f50-3f63-4f83-bd05-61e6211c70cf/messages,200,98,7c1e9b02-44da-4f0e-9a31-8ad5c6f21b90,Mozilla/5.0 (Windows NT 10.0; Win64; x64) Chrome/141.0
2026-08-25 10:05:00,GET,/health,200,2,,python-httpx/0.28.1
2026-08-25 10:07:00,GET,/conversations/923a7369-94e3-4f91-9a61-dbe22e44158b/messages,200,136,a92f4d18-6b77-4c55-9e02-1f3b7c8d4e6a,Mozilla/5.0 (Windows NT 10.0; Win64; x64) Chrome/141.0
2026-08-25 10:10:00,GET,/health,200,7,,python-httpx/0.28.1
2026-08-25 10:11:00,POST,/conversations,404,59,3fa85f64-5717-4562-b3fc-2c963f66afa6,Mozilla/5.0 (Windows NT 10.0; Win64; x64) Chrome/141.0
2026-08-25 10:15:00,GET,/health,200,9,,python-httpx/0.28.1
2026-08-25 10:16:00,GET,/me,200,33,5e90694f-0aca-43e6-b6dd-68daa289b104,Mozilla/5.0 (Windows NT 10.0; Win64; x64) Chrome/141.0
2026-08-25 10:19:00,GET,/me/conversations,404,91,7c1e9b02-44da-4f0e-9a31-8ad5c6f21b90,Mozilla/5.0 (Windows NT 10.0; Win64; x64) Chrome/141.0
2026-08-25 10:20:00,GET,/health,200,6,,python-httpx/0.28.1
2026-08-25 10:22:00,GET,/me/conversations,200,33,3fa85f64-5717-4562-b3fc-2c963f66afa6,Mozilla/5.0 (Windows NT 10.0; Win64; x64) Chrome/141.0
2026-08-25 10:23:00,GET,/me/conversations,200,48,a92f4d18-6b77-4c55-9e02-1f3b7c8d4e6a,Mozilla/5.0 (Windows NT 10.0; Win64; x64) Chrome/141.0
2026-08-25 10:25:00,GET,/health,200,9,,python-httpx/0.28.1
2026-08-25 10:27:00,GET,/conversations/49952399-c4aa-4ac1-b7dc-76fb0f17a300/messages,200,,7c1e9b02-44da-4f0e-9a31-8ad5c6f21b90,Mozilla/5.0 (Windows NT 10.0; Win64; x64) Chrome/141.0
2026-08-25 10:30:00,GET,/health,200,4,,python-httpx/0.28.1
2026-08-25 10:31:00,POST,/conversations/9531985d-5d9d-49f8-9818-e811892f902b/messages,200,186,a92f4d18-6b77-4c55-9e02-1f3b7c8d4e6a,Mozilla/5.0 (Windows NT 10.0; Win64; x64) Chrome/141.0
2026-08-25 10:33:00,GET,/conversations/830e07bc-1e39-4f10-92bd-4acefaecbd38/messages,200,143,3fa85f64-5717-4562-b3fc-2c963f66afa6,Mozilla/5.0 (Windows NT 10.0; Win64; x64) Chrome/141.0
2026-08-25 10:33:00,GET,/conversations/830e07bc-1e39-4f10-92bd-4acefaecbd38/messages,200,143,3fa85f64-5717-4562-b3fc-2c963f66afa6,Mozilla/5.0 (Windows NT 10.0; Win64; x64) Chrome/141.0
2026-08-25 10:35:00,POST,/conversations,200,,3fa85f64-5717-4562-b3fc-2c963f66afa6,Mozilla/5.0 (Windows NT 10.0; Win64; x64) Chrome/141.0
2026-08-25 10:35:00,GET,/health,200,5,,python-httpx/0.28.1
2026-08-25 10:40:00,GET,/conversations/8e81973e-0bec-47b0-b898-d190f9ebdacc/messages,404,65,7c1e9b02-44da-4f0e-9a31-8ad5c6f21b90,Mozilla/5.0 (Windows NT 10.0; Win64; x64) Chrome/141.0
2026-08-25 10:40:00,GET,/health,200,7,,python-httpx/0.28.1
2026-08-25 10:42:00,GET,/me/conversations,200,68,3fa85f64-5717-4562-b3fc-2c963f66afa6,Mozilla/5.0 (Windows NT 10.0; Win64; x64) Chrome/141.0
2026-08-25 10:45:00,GET,/health,200,4,,python-httpx/0.28.1
2026-08-25 10:48:00,GET,/me/conversations,200,19,5e90694f-0aca-43e6-b6dd-68daa289b104,Mozilla/5.0 (Windows NT 10.0; Win64; x64) Chrome/141.0
2026-08-25 10:49:00,GET,/conversations/3f98e277-4cbd-47ad-9c90-a9587403e430/messages,200,68,7c1e9b02-44da-4f0e-9a31-8ad5c6f21b90,Mozilla/5.0 (Windows NT 10.0; Win64; x64) Chrome/141.0
2026-08-25 10:50:00,GET,/health,200,2,,python-httpx/0.28.1
2026-08-25 10:55:00,GET,/health,200,2,,python-httpx/0.28.1
2026-08-25 10:55:00,GET,/me/conversations,200,40,3fa85f64-5717-4562-b3fc-2c963f66afa6,Mozilla/5.0 (Windows NT 10.0; Win64; x64) Chrome/141.0
2026-08-25 10:58:00,GET,/me/conversations,200,46,a92f4d18-6b77-4c55-9e02-1f3b7c8d4e6a,Mozilla/5.0 (Windows NT 10.0; Win64; x64) Chrome/141.0
2026-08-25 11:00:00,GET,/conversations/c7a2ea20-b2f1-4c94-ae05-319acb5c7427/messages,200,59,a92f4d18-6b77-4c55-9e02-1f3b7c8d4e6a,Mozilla/5.0 (Windows NT 10.0; Win64; x64) Chrome/141.0
2026-08-25 11:00:00,GET,/health,200,8,,python-httpx/0.28.1
2026-08-25 11:05:00,GET,/health,200,9,,python-httpx/0.28.1
2026-08-25 11:05:00,GET,/conversations/7f26144b-9828-4fcd-99a5-4a7bb1fee08f/messages,200,134,3fa85f64-5717-4562-b3fc-2c963f66afa6,Mozilla/5.0 (Windows NT 10.0; Win64; x64) Chrome/141.0
2026-08-25 11:10:00,GET,/me/conversations,404,72,7c1e9b02-44da-4f0e-9a31-8ad5c6f21b90,Mozilla/5.0 (Windows NT 10.0; Win64; x64) Chrome/141.0
2026-08-25 11:10:00,GET,/health,200,9,,python-httpx/0.28.1
2026-08-25 11:11:00,POST,/conversations,200,185,7c1e9b02-44da-4f0e-9a31-8ad5c6f21b90,Mozilla/5.0 (Windows NT 10.0; Win64; x64) Chrome/141.0
2026-08-25 11:15:00,GET,/health,200,6,,python-httpx/0.28.1
2026-08-25 11:15:00,POST,/conversations,200,89,a92f4d18-6b77-4c55-9e02-1f3b7c8d4e6a,Mozilla/5.0 (Windows NT 10.0; Win64; x64) Chrome/141.0
2026-08-25 11:19:00,POST,/conversations,200,77,5e90694f-0aca-43e6-b6dd-68daa289b104,Mozilla/5.0 (Windows NT 10.0; Win64; x64) Chrome/141.0
2026-08-25 11:20:00,GET,/health,200,9,,python-httpx/0.28.1
2026-08-25 11:23:00,GET,/conversations/9531985d-5d9d-49f8-9818-e811892f902b/messages,404,93,3fa85f64-5717-4562-b3fc-2c963f66afa6,Mozilla/5.0 (Windows NT 10.0; Win64; x64) Chrome/141.0
2026-08-25 11:25:00,GET,/health,200,9,,python-httpx/0.28.1
2026-08-25 11:27:00,GET,/conversations/57ee05cd-e009-42c7-bebf-f20686734721/messages,200,69,a92f4d18-6b77-4c55-9e02-1f3b7c8d4e6a,Mozilla/5.0 (Windows NT 10.0; Win64; x64) Chrome/141.0
2026-08-25 11:30:00,GET,/health,200,6,,python-httpx/0.28.1
2026-08-25 11:33:00,GET,/me/conversations,200,61,3fa85f64-5717-4562-b3fc-2c963f66afa6,Mozilla/5.0 (Windows NT 10.0; Win64; x64) Chrome/141.0
2026-08-25 11:35:00,GET,/health,200,2,,python-httpx/0.28.1
2026-08-25 11:39:00,POST,/conversations/66d22876-72fd-4202-aa96-fb1a14a0f9e7/messages,200,152,5e90694f-0aca-43e6-b6dd-68daa289b104,Mozilla/5.0 (Windows NT 10.0; Win64; x64) Chrome/141.0
2026-08-25 11:40:00,GET,/health,200,2,,python-httpx/0.28.1
2026-08-25 11:41:00,GET,/conversations/5affb229-7631-4992-b0ce-583505c6af07/messages,200,48,5e90694f-0aca-43e6-b6dd-68daa289b104,Mozilla/5.0 (Windows NT 10.0; Win64; x64) Chrome/141.0
2026-08-25 11:45:00,GET,/health,200,7,,python-httpx/0.28.1
2026-08-25 11:47:00,GET,/me/conversations,200,44,5e90694f-0aca-43e6-b6dd-68daa289b104,Mozilla/5.0 (Windows NT 10.0; Win64; x64) Chrome/141.0
2026-08-25 11:48:00,GET,/me/conversations,200,41,5e90694f-0aca-43e6-b6dd-68daa289b104,Mozilla/5.0 (Windows NT 10.0; Win64; x64) Chrome/141.0
2026-08-25 11:50:00,GET,/health,200,7,,python-httpx/0.28.1
2026-08-25 11:52:00,GET,/conversations/6bf46c69-7d2c-4f82-aeea-cbe226e87555/messages,200,39,5e90694f-0aca-43e6-b6dd-68daa289b104,Mozilla/5.0 (Windows NT 10.0; Win64; x64) Chrome/141.0
2026-08-25 11:55:00,GET,/conversations/923a7369-94e3-4f91-9a61-dbe22e44158b/messages,200,93,7c1e9b02-44da-4f0e-9a31-8ad5c6f21b90,Mozilla/5.0 (Windows NT 10.0; Win64; x64) Chrome/141.0
2026-08-25 11:55:00,GET,/health,200,6,,python-httpx/0.28.1
2026-08-25 11:58:00,GET,/conversations/4cdd2055-930d-4eaf-94f4-733f3e7d1bfb/messages,200,135,7c1e9b02-44da-4f0e-9a31-8ad5c6f21b90,Mozilla/5.0 (Windows NT 10.0; Win64; x64) Chrome/141.0
2026-08-25 12:00:00,GET,/health,200,4,,python-httpx/0.28.1
2026-08-25 12:00:00,GET,/me,200,51,3fa85f64-5717-4562-b3fc-2c963f66afa6,Mozilla/5.0 (Windows NT 10.0; Win64; x64) Chrome/141.0
2026-08-25 12:04:00,GET,/conversations/8d116ece-1738-47d9-bd9c-172411e20b8f/messages,404,16,7c1e9b02-44da-4f0e-9a31-8ad5c6f21b90,Mozilla/5.0 (Windows NT 10.0; Win64; x64) Chrome/141.0
2026-08-25 12:05:00,GET,/health,200,7,,python-httpx/0.28.1
2026-08-25 12:10:00,POST,/conversations,200,140,a92f4d18-6b77-4c55-9e02-1f3b7c8d4e6a,Mozilla/5.0 (Windows NT 10.0; Win64; x64) Chrome/141.0
2026-08-25 12:10:00,GET,/health,200,3,,python-httpx/0.28.1
2026-08-25 12:15:00,GET,/health,200,7,,python-httpx/0.28.1
2026-08-25 12:16:00,GET,/conversations/7e62aa0a-1df9-4d78-9c65-39382b0537e6/messages,200,79,a92f4d18-6b77-4c55-9e02-1f3b7c8d4e6a,Mozilla/5.0 (Windows NT 10.0; Win64; x64) Chrome/141.0
2026-08-25 12:20:00,GET,/health,200,7,,python-httpx/0.28.1
2026-08-25 12:21:00,POST,/conversations,200,167,,Mozilla/5.0 (Windows NT 10.0; Win64; x64) Chrome/141.0
2026-08-25 12:25:00,GET,/health,200,6,,python-httpx/0.28.1
2026-08-25 12:26:00,GET,/conversations/c6f87718-6d76-407e-881e-d162ae2eb154/messages,200,86,3fa85f64-5717-4562-b3fc-2c963f66afa6,Mozilla/5.0 (Windows NT 10.0; Win64; x64) Chrome/141.0
2026-08-25 12:30:00,GET,/health,200,4,,python-httpx/0.28.1
2026-08-25 12:32:00,GET,/conversations/7f150524-34b9-45df-9e77-69b10f4205b4/messages,200,88,3fa85f64-5717-4562-b3fc-2c963f66afa6,Mozilla/5.0 (Windows NT 10.0; Win64; x64) Chrome/141.0
2026-08-25 12:35:00,GET,/health,200,4,,python-httpx/0.28.1
2026-08-25 12:37:00,GET,/me/conversations,200,74,5e90694f-0aca-43e6-b6dd-68daa289b104,Mozilla/5.0 (Windows NT 10.0; Win64; x64) Chrome/141.0
2026-08-25 12:40:00,GET,/health,200,8,,python-httpx/0.28.1
2026-08-25 12:43:00,GET,/me,200,50,5e90694f-0aca-43e6-b6dd-68daa289b104,Mozilla/5.0 (Windows NT 10.0; Win64; x64) Chrome/141.0
2026-08-25 12:44:00,GET,/me/conversations,200,65,7c1e9b02-44da-4f0e-9a31-8ad5c6f21b90,Mozilla/5.0 (Windows NT 10.0; Win64; x64) Chrome/141.0
2026-08-25 12:44:00,GET,/me/conversations,200,65,7c1e9b02-44da-4f0e-9a31-8ad5c6f21b90,Mozilla/5.0 (Windows NT 10.0; Win64; x64) Chrome/141.0
2026-08-25 12:45:00,GET,/health,200,8,,python-httpx/0.28.1
2026-08-25 12:47:00,GET,/me/conversations,200,66,3fa85f64-5717-4562-b3fc-2c963f66afa6,Mozilla/5.0 (Windows NT 10.0; Win64; x64) Chrome/141.0
2026-08-25 12:50:00,GET,/health,200,5,,python-httpx/0.28.1
2026-08-25 12:53:00,GET,/conversations/c6f87718-6d76-407e-881e-d162ae2eb154/messages,200,125,7c1e9b02-44da-4f0e-9a31-8ad5c6f21b90,Mozilla/5.0 (Windows NT 10.0; Win64; x64) Chrome/141.0
2026-08-25 12:55:00,GET,/health,200,4,,python-httpx/0.28.1
2026-08-25 12:55:00,POST,/conversations,200,171,5e90694f-0aca-43e6-b6dd-68daa289b104,Mozilla/5.0 (Windows NT 10.0; Win64; x64) Chrome/141.0
2026-08-25 12:59:00,POST,/conversations,500,408,7c1e9b02-44da-4f0e-9a31-8ad5c6f21b90,Mozilla/5.0 (Windows NT 10.0; Win64; x64) Chrome/141.0
2026-08-25 13:00:00,GET,/me/conversations,200,34,5e90694f-0aca-43e6-b6dd-68daa289b104,Mozilla/5.0 (Windows NT 10.0; Win64; x64) Chrome/141.0
2026-08-25 13:00:00,GET,/health,200,7,,python-httpx/0.28.1
2026-08-25 13:01:00,GET,/conversations/8e81973e-0bec-47b0-b898-d190f9ebdacc/messages,200,135,3fa85f64-5717-4562-b3fc-2c963f66afa6,Mozilla/5.0 (Windows NT 10.0; Win64; x64) Chrome/141.0
2026-08-25 13:01:00,GET,/conversations/8e81973e-0bec-47b0-b898-d190f9ebdacc/messages,200,135,3fa85f64-5717-4562-b3fc-2c963f66afa6,Mozilla/5.0 (Windows NT 10.0; Win64; x64) Chrome/141.0
2026-08-25 13:05:00,GET,/health,200,5,,python-httpx/0.28.1
2026-08-25 13:07:00,GET,/me/conversations,200,50,3fa85f64-5717-4562-b3fc-2c963f66afa6,Mozilla/5.0 (Windows NT 10.0; Win64; x64) Chrome/141.0
2026-08-25 13:10:00,GET,/health,200,2,,python-httpx/0.28.1
2026-08-25 13:12:00,GET,/conversations/6bf46c69-7d2c-4f82-aeea-cbe226e87555/messages,200,88,a92f4d18-6b77-4c55-9e02-1f3b7c8d4e6a,Mozilla/5.0 (Windows NT 10.0; Win64; x64) Chrome/141.0
2026-08-25 13:12:00,GET,/conversations/6bf46c69-7d2c-4f82-aeea-cbe226e87555/messages,200,88,a92f4d18-6b77-4c55-9e02-1f3b7c8d4e6a,Mozilla/5.0 (Windows NT 10.0; Win64; x64) Chrome/141.0
2026-08-25 13:14:00,GET,/me/conversations,200,,3fa85f64-5717-4562-b3fc-2c963f66afa6,Mozilla/5.0 (Windows NT 10.0; Win64; x64) Chrome/141.0
2026-08-25 13:15:00,GET,/me,200,41,a92f4d18-6b77-4c55-9e02-1f3b7c8d4e6a,Mozilla/5.0 (Windows NT 10.0; Win64; x64) Chrome/141.0
2026-08-25 13:15:00,GET,/health,200,6,,python-httpx/0.28.1
2026-08-25 13:19:00,GET,/conversations/6b4cb242-4a23-4596-a217-beaddbc496cb/messages,200,27,a92f4d18-6b77-4c55-9e02-1f3b7c8d4e6a,Mozilla/5.0 (Windows NT 10.0; Win64; x64) Chrome/141.0
2026-08-25 13:20:00,GET,/health,200,8,,python-httpx/0.28.1
2026-08-25 13:22:00,POST,/conversations/36f675cc-81e7-4ef5-a8e2-5d940ed90475/messages,200,133,7c1e9b02-44da-4f0e-9a31-8ad5c6f21b90,Mozilla/5.0 (Windows NT 10.0; Win64; x64) Chrome/141.0
2026-08-25 13:25:00,GET,/health,200,6,,python-httpx/0.28.1
2026-08-25 13:25:00,GET,/me,500,128,,Mozilla/5.0 (Windows NT 10.0; Win64; x64) Chrome/141.0
2026-08-25 13:29:00,GET,/conversations/66d22876-72fd-4202-aa96-fb1a14a0f9e7/messages,200,64,5e90694f-0aca-43e6-b6dd-68daa289b104,Mozilla/5.0 (Windows NT 10.0; Win64; x64) Chrome/141.0
2026-08-25 13:30:00,GET,/health,200,3,,python-httpx/0.28.1
2026-08-25 13:30:00,GET,/me,200,20,7c1e9b02-44da-4f0e-9a31-8ad5c6f21b90,Mozilla/5.0 (Windows NT 10.0; Win64; x64) Chrome/141.0
2026-08-25 13:32:00,GET,/me/conversations,200,37,7c1e9b02-44da-4f0e-9a31-8ad5c6f21b90,Mozilla/5.0 (Windows NT 10.0; Win64; x64) Chrome/141.0
2026-08-25 13:35:00,GET,/health,200,6,,python-httpx/0.28.1
2026-08-25 13:35:00,GET,/me/conversations,200,77,3fa85f64-5717-4562-b3fc-2c963f66afa6,Mozilla/5.0 (Windows NT 10.0; Win64; x64) Chrome/141.0
2026-08-25 13:36:00,POST,/conversations,200,112,3fa85f64-5717-4562-b3fc-2c963f66afa6,Mozilla/5.0 (Windows NT 10.0; Win64; x64) Chrome/141.0
2026-08-25 13:40:00,GET,/me/conversations,200,21,7c1e9b02-44da-4f0e-9a31-8ad5c6f21b90,Mozilla/5.0 (Windows NT 10.0; Win64; x64) Chrome/141.0
2026-08-25 13:40:00,GET,/health,200,2,,python-httpx/0.28.1
2026-08-25 13:41:00,GET,/conversations/c6f87718-6d76-407e-881e-d162ae2eb154/messages,200,65,3fa85f64-5717-4562-b3fc-2c963f66afa6,Mozilla/5.0 (Windows NT 10.0; Win64; x64) Chrome/141.0
2026-08-25 13:42:00,GET,/me/conversations,200,58,5e90694f-0aca-43e6-b6dd-68daa289b104,Mozilla/5.0 (Windows NT 10.0; Win64; x64) Chrome/141.0
2026-08-25 13:44:00,GET,/me/conversations,404,29,7c1e9b02-44da-4f0e-9a31-8ad5c6f21b90,Mozilla/5.0 (Windows NT 10.0; Win64; x64) Chrome/141.0
2026-08-25 13:45:00,GET,/health,200,2,,python-httpx/0.28.1
2026-08-25 13:48:00,GET,/me/conversations,200,66,7c1e9b02-44da-4f0e-9a31-8ad5c6f21b90,Mozilla/5.0 (Windows NT 10.0; Win64; x64) Chrome/141.0
2026-08-25 13:50:00,GET,/health,200,7,,python-httpx/0.28.1
2026-08-25 13:51:00,GET,/me/conversations,200,59,,Mozilla/5.0 (Windows NT 10.0; Win64; x64) Chrome/141.0
2026-08-25 13:55:00,GET,/health,200,6,,python-httpx/0.28.1
2026-08-25 13:57:00,GET,/me/conversations,200,47,7c1e9b02-44da-4f0e-9a31-8ad5c6f21b90,Mozilla/5.0 (Windows NT 10.0; Win64; x64) Chrome/141.0
2026-08-25 13:58:00,GET,/conversations/7f1b103c-df15-42b0-aab4-77d26415479c/messages,200,71,3fa85f64-5717-4562-b3fc-2c963f66afa6,Mozilla/5.0 (Windows NT 10.0; Win64; x64) Chrome/141.0
2026-08-25 13:59:00,POST,/conversations/7f150524-34b9-45df-9e77-69b10f4205b4/messages,200,184,3fa85f64-5717-4562-b3fc-2c963f66afa6,Mozilla/5.0 (Windows NT 10.0; Win64; x64) Chrome/141.0
2026-08-25 14:01:00,POST,/conversations/9be4bcfc-49b6-4a08-b2e6-cc3ababced20/messages,200,86,a92f4d18-6b77-4c55-9e02-1f3b7c8d4e6a,Mozilla/5.0 (Windows NT 10.0; Win64; x64) Chrome/141.0
2026-08-25 14:01:00,POST,/conversations/9be4bcfc-49b6-4a08-b2e6-cc3ababced20/messages,200,86,a92f4d18-6b77-4c55-9e02-1f3b7c8d4e6a,Mozilla/5.0 (Windows NT 10.0; Win64; x64) Chrome/141.0
2026-08-25 14:05:00,POST,/conversations/119a72d1-74c9-4f6a-8c01-1cdd9474031b/messages,200,106,7c1e9b02-44da-4f0e-9a31-8ad5c6f21b90,Mozilla/5.0 (Windows NT 10.0; Win64; x64) Chrome/141.0
2026-08-25 14:05:00,POST,/conversations/119a72d1-74c9-4f6a-8c01-1cdd9474031b/messages,200,106,7c1e9b02-44da-4f0e-9a31-8ad5c6f21b90,Mozilla/5.0 (Windows NT 10.0; Win64; x64) Chrome/141.0
2026-08-25 14:06:00,POST,/conversations/18f135d2-5f55-4203-b018-50c5a38fd547/messages,200,109,a92f4d18-6b77-4c55-9e02-1f3b7c8d4e6a,Mozilla/5.0 (Windows NT 10.0; Win64; x64) Chrome/141.0
2026-08-25 14:09:00,POST,/conversations/5790f82e-c1d3-4cff-aa3a-f4d46b0a18e8/messages,200,161,5e90694f-0aca-43e6-b6dd-68daa289b104,Mozilla/5.0 (Windows NT 10.0; Win64; x64) Chrome/141.0
2026-08-25 14:14:00,POST,/conversations/ae97ba94-d0ed-482f-8f6d-05584ef8aa38/messages,200,140,5e90694f-0aca-43e6-b6dd-68daa289b104,Mozilla/5.0 (Windows NT 10.0; Win64; x64) Chrome/141.0
2026-08-25 14:20:00,GET,/conversations/10a3d6b2-aa05-411a-b271-5945795e8229/messages,200,17,a92f4d18-6b77-4c55-9e02-1f3b7c8d4e6a,Mozilla/5.0 (Windows NT 10.0; Win64; x64) Chrome/141.0
2026-08-25 14:23:00,POST,/conversations/d23f0824-128b-4f33-8c5c-7fd0a6a3a450/messages,404,153,a92f4d18-6b77-4c55-9e02-1f3b7c8d4e6a,Mozilla/5.0 (Windows NT 10.0; Win64; x64) Chrome/141.0
2026-08-25 14:23:00,POST,/conversations/d23f0824-128b-4f33-8c5c-7fd0a6a3a450/messages,404,153,a92f4d18-6b77-4c55-9e02-1f3b7c8d4e6a,Mozilla/5.0 (Windows NT 10.0; Win64; x64) Chrome/141.0
2026-08-25 14:27:00,GET,/me/conversations,200,74,5e90694f-0aca-43e6-b6dd-68daa289b104,Mozilla/5.0 (Windows NT 10.0; Win64; x64) Chrome/141.0
2026-08-25 14:29:00,GET,/me/conversations,200,80,5e90694f-0aca-43e6-b6dd-68daa289b104,Mozilla/5.0 (Windows NT 10.0; Win64; x64) Chrome/141.0
2026-08-25 14:34:00,GET,/me/conversations,200,65,5e90694f-0aca-43e6-b6dd-68daa289b104,Mozilla/5.0 (Windows NT 10.0; Win64; x64) Chrome/141.0
2026-08-25 14:39:00,GET,/me,200,63,7c1e9b02-44da-4f0e-9a31-8ad5c6f21b90,Mozilla/5.0 (Windows NT 10.0; Win64; x64) Chrome/141.0
2026-08-25 14:43:00,POST,/conversations/8d116ece-1738-47d9-bd9c-172411e20b8f/messages,200,118,7c1e9b02-44da-4f0e-9a31-8ad5c6f21b90,Mozilla/5.0 (Windows NT 10.0; Win64; x64) Chrome/141.0
2026-08-25 14:48:00,GET,/conversations/6b0d549b-6f03-475a-9600-a35a099950d8/messages,200,85,5e90694f-0aca-43e6-b6dd-68daa289b104,Mozilla/5.0 (Windows NT 10.0; Win64; x64) Chrome/141.0
2026-08-25 14:53:00,POST,/conversations,200,150,a92f4d18-6b77-4c55-9e02-1f3b7c8d4e6a,Mozilla/5.0 (Windows NT 10.0; Win64; x64) Chrome/141.0
2026-08-25 14:55:00,GET,/conversations/57ee05cd-e009-42c7-bebf-f20686734721/messages,404,121,5e90694f-0aca-43e6-b6dd-68daa289b104,Mozilla/5.0 (Windows NT 10.0; Win64; x64) Chrome/141.0
2026-08-25 14:55:00,GET,/conversations/57ee05cd-e009-42c7-bebf-f20686734721/messages,404,121,5e90694f-0aca-43e6-b6dd-68daa289b104,Mozilla/5.0 (Windows NT 10.0; Win64; x64) Chrome/141.0
2026-08-25 14:58:00,POST,/conversations/8d116ece-1738-47d9-bd9c-172411e20b8f/messages,200,167,5e90694f-0aca-43e6-b6dd-68daa289b104,Mozilla/5.0 (Windows NT 10.0; Win64; x64) Chrome/141.0
2026-08-25 14:59:00,GET,/me/conversations,200,32,5e90694f-0aca-43e6-b6dd-68daa289b104,Mozilla/5.0 (Windows NT 10.0; Win64; x64) Chrome/141.0
2026-08-25 15:00:00,GET,/conversations/90c192cf-d3ac-44af-8f21-ddb66cad4a26/messages,200,71,a92f4d18-6b77-4c55-9e02-1f3b7c8d4e6a,Mozilla/5.0 (Windows NT 10.0; Win64; x64) Chrome/141.0
2026-08-25 15:02:00,GET,/me/conversations,200,92,3fa85f64-5717-4562-b3fc-2c963f66afa6,Mozilla/5.0 (Windows NT 10.0; Win64; x64) Chrome/141.0
2026-08-25 15:02:00,GET,/me/conversations,200,92,3fa85f64-5717-4562-b3fc-2c963f66afa6,Mozilla/5.0 (Windows NT 10.0; Win64; x64) Chrome/141.0
2026-08-25 15:08:00,POST,/conversations,200,138,7c1e9b02-44da-4f0e-9a31-8ad5c6f21b90,Mozilla/5.0 (Windows NT 10.0; Win64; x64) Chrome/141.0
2026-08-25 15:12:00,GET,/me/conversations,404,83,5e90694f-0aca-43e6-b6dd-68daa289b104,Mozilla/5.0 (Windows NT 10.0; Win64; x64) Chrome/141.0
2026-08-25 15:17:00,GET,/conversations/90c192cf-d3ac-44af-8f21-ddb66cad4a26/messages,200,61,3fa85f64-5717-4562-b3fc-2c963f66afa6,Mozilla/5.0 (Windows NT 10.0; Win64; x64) Chrome/141.0
2026-08-25 15:19:00,GET,/me/conversations,200,39,7c1e9b02-44da-4f0e-9a31-8ad5c6f21b90,Mozilla/5.0 (Windows NT 10.0; Win64; x64) Chrome/141.0
2026-08-25 15:25:00,GET,/conversations/90c192cf-d3ac-44af-8f21-ddb66cad4a26/messages,200,48,3fa85f64-5717-4562-b3fc-2c963f66afa6,Mozilla/5.0 (Windows NT 10.0; Win64; x64) Chrome/141.0
2026-08-25 15:40:00,GET,/me/conversations,200,42,,python-httpx/0.28.1
2026-08-25 15:41:00,GET,/me/conversations,200,69,,python-httpx/0.28.1
2026-08-25 15:42:00,GET,/me/conversations,200,28,,python-httpx/0.28.1
2026-08-25 15:43:00,GET,/me/conversations,200,26,,python-httpx/0.28.1
2026-08-25 15:44:00,GET,/me/conversations,200,46,,python-httpx/0.28.1
2026-08-25 15:45:00,GET,/me/conversations,200,58,,python-httpx/0.28.1
2026-08-25 15:46:00,GET,/me/conversations,200,61,,python-httpx/0.28.1
2026-08-25 15:47:00,GET,/me/conversations,200,67,,python-httpx/0.28.1
2026-08-25 15:48:00,GET,/me/conversations,200,42,,python-httpx/0.28.1
2026-08-25 15:49:00,GET,/me/conversations,200,43,,python-httpx/0.28.1
2026-08-25 15:50:00,GET,/me/conversations,200,57,,python-httpx/0.28.1
2026-08-25 15:51:00,GET,/me/conversations,200,43,,python-httpx/0.28.1
2026-08-25 15:52:00,GET,/me/conversations,200,61,,python-httpx/0.28.1
2026-08-25 15:53:00,GET,/me/conversations,200,41,,python-httpx/0.28.1
2026-08-25 15:54:00,GET,/me/conversations,200,68,,python-httpx/0.28.1
2026-08-25 15:55:00,GET,/me/conversations,200,54,,python-httpx/0.28.1
2026-08-25 15:56:00,GET,/me/conversations,200,62,,python-httpx/0.28.1
2026-08-25 15:57:00,GET,/me/conversations,200,58,,python-httpx/0.28.1
2026-08-25 15:58:00,GET,/me/conversations,200,53,,python-httpx/0.28.1
2026-08-25 15:59:00,GET,/me/conversations,200,67,,python-httpx/0.28.1
2026-08-25 16:00:00,GET,/me/conversations,200,53,,python-httpx/0.28.1
2026-08-25 16:01:00,GET,/me/conversations,200,43,,python-httpx/0.28.1
2026-08-25 16:02:00,GET,/me/conversations,200,31,,python-httpx/0.28.1
2026-08-25 16:03:00,GET,/me/conversations,200,64,,python-httpx/0.28.1
2026-08-25 16:04:00,GET,/me/conversations,200,43,,python-httpx/0.28.1
2026-08-25 16:05:00,GET,/me/conversations,200,54,,python-httpx/0.28.1
2026-08-25 16:06:00,GET,/me/conversations,200,22,,python-httpx/0.28.1
2026-08-25 16:07:00,GET,/me/conversations,200,40,,python-httpx/0.28.1
2026-08-25 16:08:00,GET,/me/conversations,200,44,,python-httpx/0.28.1
2026-08-25 16:09:00,GET,/me/conversations,200,37,,python-httpx/0.28.1
2026-08-25 16:10:00,GET,/me/conversations,200,44,,python-httpx/0.28.1
2026-08-25 16:11:00,GET,/me/conversations,200,48,,python-httpx/0.28.1
2026-08-25 16:12:00,GET,/me/conversations,200,49,,python-httpx/0.28.1
2026-08-25 16:13:00,GET,/me/conversations,200,67,,python-httpx/0.28.1
2026-08-25 16:14:00,GET,/me/conversations,200,39,,python-httpx/0.28.1
2026-08-25 16:15:00,GET,/me/conversations,200,29,,python-httpx/0.28.1
2026-08-25 16:16:00,GET,/me/conversations,200,21,,python-httpx/0.28.1
2026-08-25 16:17:00,GET,/me/conversations,200,57,,python-httpx/0.28.1
2026-08-25 16:18:00,GET,/me/conversations,200,70,,python-httpx/0.28.1
2026-08-25 16:19:00,GET,/me/conversations,200,57,,python-httpx/0.28.1
2026-08-26 09:00:00,GET,/health,200,3,,python-httpx/0.28.1
2026-08-26 09:03:00,GET,/me/conversations,200,97,7c1e9b02-44da-4f0e-9a31-8ad5c6f21b90,Mozilla/5.0 (Windows NT 10.0; Win64; x64) Chrome/141.0
2026-08-26 09:04:00,GET,/me/conversations,200,66,a92f4d18-6b77-4c55-9e02-1f3b7c8d4e6a,Mozilla/5.0 (Windows NT 10.0; Win64; x64) Chrome/141.0
2026-08-26 09:05:00,GET,/health,200,2,,python-httpx/0.28.1
2026-08-26 09:07:00,GET,/me,200,45,a92f4d18-6b77-4c55-9e02-1f3b7c8d4e6a,Mozilla/5.0 (Windows NT 10.0; Win64; x64) Chrome/141.0
2026-08-26 09:09:00,POST,/conversations,200,55,7c1e9b02-44da-4f0e-9a31-8ad5c6f21b90,Mozilla/5.0 (Windows NT 10.0; Win64; x64) Chrome/141.0
2026-08-26 09:10:00,GET,/health,200,6,,python-httpx/0.28.1
2026-08-26 09:12:00,GET,/me/conversations,200,33,3fa85f64-5717-4562-b3fc-2c963f66afa6,Mozilla/5.0 (Windows NT 10.0; Win64; x64) Chrome/141.0
2026-08-26 09:15:00,GET,/health,200,5,,python-httpx/0.28.1
2026-08-26 09:15:00,GET,/conversations/451abd81-f1d6-4ed6-97f5-e837d70820fe/messages,200,,a92f4d18-6b77-4c55-9e02-1f3b7c8d4e6a,Mozilla/5.0 (Windows NT 10.0; Win64; x64) Chrome/141.0
2026-08-26 09:18:00,GET,/me,404,42,3fa85f64-5717-4562-b3fc-2c963f66afa6,Mozilla/5.0 (Windows NT 10.0; Win64; x64) Chrome/141.0
2026-08-26 09:19:00,GET,/me/conversations,200,70,,Mozilla/5.0 (Windows NT 10.0; Win64; x64) Chrome/141.0
2026-08-26 09:20:00,GET,/health,200,5,,python-httpx/0.28.1
2026-08-26 09:25:00,GET,/health,200,4,,python-httpx/0.28.1
2026-08-26 09:25:00,GET,/me/conversations,200,78,7c1e9b02-44da-4f0e-9a31-8ad5c6f21b90,Mozilla/5.0 (Windows NT 10.0; Win64; x64) Chrome/141.0
2026-08-26 09:28:00,GET,/me/conversations,200,45,a92f4d18-6b77-4c55-9e02-1f3b7c8d4e6a,Mozilla/5.0 (Windows NT 10.0; Win64; x64) Chrome/141.0
2026-08-26 09:30:00,GET,/health,200,2,,python-httpx/0.28.1
2026-08-26 09:34:00,GET,/me/conversations,404,83,3fa85f64-5717-4562-b3fc-2c963f66afa6,Mozilla/5.0 (Windows NT 10.0; Win64; x64) Chrome/141.0
2026-08-26 09:35:00,GET,/health,200,2,,python-httpx/0.28.1
2026-08-26 09:40:00,GET,/health,200,6,,python-httpx/0.28.1
2026-08-26 09:40:00,POST,/conversations,200,66,,Mozilla/5.0 (Windows NT 10.0; Win64; x64) Chrome/141.0
2026-08-26 09:41:00,GET,/conversations/923a7369-94e3-4f91-9a61-dbe22e44158b/messages,200,,,Mozilla/5.0 (Windows NT 10.0; Win64; x64) Chrome/141.0
2026-08-26 09:42:00,POST,/conversations/90c192cf-d3ac-44af-8f21-ddb66cad4a26/messages,200,71,7c1e9b02-44da-4f0e-9a31-8ad5c6f21b90,Mozilla/5.0 (Windows NT 10.0; Win64; x64) Chrome/141.0
2026-08-26 09:44:00,POST,/conversations,200,115,5e90694f-0aca-43e6-b6dd-68daa289b104,Mozilla/5.0 (Windows NT 10.0; Win64; x64) Chrome/141.0
2026-08-26 09:45:00,GET,/me/conversations,200,101,7c1e9b02-44da-4f0e-9a31-8ad5c6f21b90,Mozilla/5.0 (Windows NT 10.0; Win64; x64) Chrome/141.0
2026-08-26 09:45:00,GET,/health,200,3,,python-httpx/0.28.1
2026-08-26 09:50:00,POST,/conversations,200,84,7c1e9b02-44da-4f0e-9a31-8ad5c6f21b90,Mozilla/5.0 (Windows NT 10.0; Win64; x64) Chrome/141.0
2026-08-26 09:50:00,GET,/health,200,8,,python-httpx/0.28.1
2026-08-26 09:51:00,GET,/conversations/0fd630f1-f29d-4da9-953f-48f1a09f76b5/messages,200,73,5e90694f-0aca-43e6-b6dd-68daa289b104,Mozilla/5.0 (Windows NT 10.0; Win64; x64) Chrome/141.0
2026-08-26 09:55:00,GET,/me/conversations,200,65,7c1e9b02-44da-4f0e-9a31-8ad5c6f21b90,Mozilla/5.0 (Windows NT 10.0; Win64; x64) Chrome/141.0
2026-08-26 09:55:00,GET,/health,200,6,,python-httpx/0.28.1
2026-08-26 09:59:00,GET,/me/conversations,200,8,a92f4d18-6b77-4c55-9e02-1f3b7c8d4e6a,Mozilla/5.0 (Windows NT 10.0; Win64; x64) Chrome/141.0
2026-08-26 10:00:00,GET,/health,200,4,,python-httpx/0.28.1
2026-08-26 10:05:00,GET,/health,200,5,,python-httpx/0.28.1
2026-08-26 10:05:00,GET,/me/conversations,200,95,3fa85f64-5717-4562-b3fc-2c963f66afa6,Mozilla/5.0 (Windows NT 10.0; Win64; x64) Chrome/141.0
2026-08-26 10:10:00,GET,/health,200,3,,python-httpx/0.28.1
2026-08-26 10:10:00,GET,/conversations/6b4cb242-4a23-4596-a217-beaddbc496cb/messages,200,35,a92f4d18-6b77-4c55-9e02-1f3b7c8d4e6a,Mozilla/5.0 (Windows NT 10.0; Win64; x64) Chrome/141.0
2026-08-26 10:11:00,POST,/conversations,200,82,7c1e9b02-44da-4f0e-9a31-8ad5c6f21b90,Mozilla/5.0 (Windows NT 10.0; Win64; x64) Chrome/141.0
2026-08-26 10:13:00,POST,/conversations/923a7369-94e3-4f91-9a61-dbe22e44158b/messages,200,104,3fa85f64-5717-4562-b3fc-2c963f66afa6,Mozilla/5.0 (Windows NT 10.0; Win64; x64) Chrome/141.0
2026-08-26 10:15:00,GET,/health,200,4,,python-httpx/0.28.1
2026-08-26 10:18:00,POST,/conversations/c7a2ea20-b2f1-4c94-ae05-319acb5c7427/messages,200,147,5e90694f-0aca-43e6-b6dd-68daa289b104,Mozilla/5.0 (Windows NT 10.0; Win64; x64) Chrome/141.0
2026-08-26 10:20:00,GET,/me,200,42,5e90694f-0aca-43e6-b6dd-68daa289b104,Mozilla/5.0 (Windows NT 10.0; Win64; x64) Chrome/141.0
2026-08-26 10:20:00,GET,/health,200,5,,python-httpx/0.28.1
2026-08-26 10:22:00,POST,/conversations/7f1b103c-df15-42b0-aab4-77d26415479c/messages,200,190,7c1e9b02-44da-4f0e-9a31-8ad5c6f21b90,Mozilla/5.0 (Windows NT 10.0; Win64; x64) Chrome/141.0
2026-08-26 10:22:00,POST,/conversations/7f1b103c-df15-42b0-aab4-77d26415479c/messages,200,190,7c1e9b02-44da-4f0e-9a31-8ad5c6f21b90,Mozilla/5.0 (Windows NT 10.0; Win64; x64) Chrome/141.0
2026-08-26 10:25:00,POST,/conversations/7f150524-34b9-45df-9e77-69b10f4205b4/messages,200,,,Mozilla/5.0 (Windows NT 10.0; Win64; x64) Chrome/141.0
2026-08-26 10:25:00,GET,/health,200,8,,python-httpx/0.28.1
2026-08-26 10:29:00,POST,/conversations/4f426dcb-b394-4b36-bb2d-420f0f88080b/messages,200,172,3fa85f64-5717-4562-b3fc-2c963f66afa6,Mozilla/5.0 (Windows NT 10.0; Win64; x64) Chrome/141.0
2026-08-26 10:30:00,GET,/health,200,3,,python-httpx/0.28.1
2026-08-26 10:34:00,POST,/conversations/7e62aa0a-1df9-4d78-9c65-39382b0537e6/messages,200,250,a92f4d18-6b77-4c55-9e02-1f3b7c8d4e6a,Mozilla/5.0 (Windows NT 10.0; Win64; x64) Chrome/141.0
2026-08-26 10:35:00,GET,/health,200,2,,python-httpx/0.28.1
2026-08-26 10:37:00,GET,/me,200,8,5e90694f-0aca-43e6-b6dd-68daa289b104,Mozilla/5.0 (Windows NT 10.0; Win64; x64) Chrome/141.0
2026-08-26 10:40:00,GET,/health,200,4,,python-httpx/0.28.1
2026-08-26 10:42:00,GET,/conversations/6b0d549b-6f03-475a-9600-a35a099950d8/messages,200,111,5e90694f-0aca-43e6-b6dd-68daa289b104,Mozilla/5.0 (Windows NT 10.0; Win64; x64) Chrome/141.0
2026-08-26 10:45:00,GET,/health,200,3,,python-httpx/0.28.1
2026-08-26 10:45:00,GET,/me/conversations,200,75,a92f4d18-6b77-4c55-9e02-1f3b7c8d4e6a,Mozilla/5.0 (Windows NT 10.0; Win64; x64) Chrome/141.0
2026-08-26 10:49:00,POST,/conversations,500,632,5e90694f-0aca-43e6-b6dd-68daa289b104,Mozilla/5.0 (Windows NT 10.0; Win64; x64) Chrome/141.0
2026-08-26 10:50:00,GET,/health,200,4,,python-httpx/0.28.1
2026-08-26 10:51:00,POST,/conversations,200,182,7c1e9b02-44da-4f0e-9a31-8ad5c6f21b90,Mozilla/5.0 (Windows NT 10.0; Win64; x64) Chrome/141.0
2026-08-26 10:54:00,GET,/me/conversations,200,62,5e90694f-0aca-43e6-b6dd-68daa289b104,Mozilla/5.0 (Windows NT 10.0; Win64; x64) Chrome/141.0
2026-08-26 10:55:00,GET,/health,200,4,,python-httpx/0.28.1
2026-08-26 10:55:00,GET,/me/conversations,200,42,7c1e9b02-44da-4f0e-9a31-8ad5c6f21b90,Mozilla/5.0 (Windows NT 10.0; Win64; x64) Chrome/141.0
2026-08-26 10:56:00,GET,/me/conversations,200,30,a92f4d18-6b77-4c55-9e02-1f3b7c8d4e6a,Mozilla/5.0 (Windows NT 10.0; Win64; x64) Chrome/141.0
2026-08-26 10:57:00,GET,/me/conversations,200,,5e90694f-0aca-43e6-b6dd-68daa289b104,Mozilla/5.0 (Windows NT 10.0; Win64; x64) Chrome/141.0
2026-08-26 10:59:00,POST,/conversations/18f135d2-5f55-4203-b018-50c5a38fd547/messages,200,157,3fa85f64-5717-4562-b3fc-2c963f66afa6,Mozilla/5.0 (Windows NT 10.0; Win64; x64) Chrome/141.0
2026-08-26 11:00:00,GET,/health,200,6,,python-httpx/0.28.1
2026-08-26 11:02:00,GET,/me,200,37,5e90694f-0aca-43e6-b6dd-68daa289b104,Mozilla/5.0 (Windows NT 10.0; Win64; x64) Chrome/141.0
2026-08-26 11:05:00,GET,/health,200,2,,python-httpx/0.28.1
2026-08-26 11:06:00,GET,/me/conversations,200,49,3fa85f64-5717-4562-b3fc-2c963f66afa6,Mozilla/5.0 (Windows NT 10.0; Win64; x64) Chrome/141.0
2026-08-26 11:06:00,GET,/me/conversations,200,49,3fa85f64-5717-4562-b3fc-2c963f66afa6,Mozilla/5.0 (Windows NT 10.0; Win64; x64) Chrome/141.0
2026-08-26 11:10:00,GET,/health,200,4,,python-httpx/0.28.1
2026-08-26 11:11:00,GET,/me/conversations,200,69,5e90694f-0aca-43e6-b6dd-68daa289b104,Mozilla/5.0 (Windows NT 10.0; Win64; x64) Chrome/141.0
2026-08-26 11:13:00,POST,/conversations/7e62aa0a-1df9-4d78-9c65-39382b0537e6/messages,200,117,7c1e9b02-44da-4f0e-9a31-8ad5c6f21b90,Mozilla/5.0 (Windows NT 10.0; Win64; x64) Chrome/141.0
2026-08-26 11:15:00,GET,/health,200,2,,python-httpx/0.28.1
2026-08-26 11:18:00,POST,/conversations/c7a2ea20-b2f1-4c94-ae05-319acb5c7427/messages,200,245,3fa85f64-5717-4562-b3fc-2c963f66afa6,Mozilla/5.0 (Windows NT 10.0; Win64; x64) Chrome/141.0
2026-08-26 11:20:00,GET,/conversations/92276658-1e27-41c0-8a6a-63ec24ede6a4/messages,500,336,5e90694f-0aca-43e6-b6dd-68daa289b104,Mozilla/5.0 (Windows NT 10.0; Win64; x64) Chrome/141.0
2026-08-26 11:20:00,GET,/health,200,2,,python-httpx/0.28.1
2026-08-26 11:21:00,GET,/me/conversations,200,84,3fa85f64-5717-4562-b3fc-2c963f66afa6,Mozilla/5.0 (Windows NT 10.0; Win64; x64) Chrome/141.0
2026-08-26 11:25:00,GET,/health,200,2,,python-httpx/0.28.1
2026-08-26 11:26:00,GET,/conversations/a170b338-3926-4059-b28c-105d1fb17c23/messages,500,152,a92f4d18-6b77-4c55-9e02-1f3b7c8d4e6a,Mozilla/5.0 (Windows NT 10.0; Win64; x64) Chrome/141.0
2026-08-26 11:28:00,GET,/conversations/923a7369-94e3-4f91-9a61-dbe22e44158b/messages,200,90,7c1e9b02-44da-4f0e-9a31-8ad5c6f21b90,Mozilla/5.0 (Windows NT 10.0; Win64; x64) Chrome/141.0
2026-08-26 11:30:00,GET,/health,200,9,,python-httpx/0.28.1
2026-08-26 11:34:00,POST,/conversations,200,121,a92f4d18-6b77-4c55-9e02-1f3b7c8d4e6a,Mozilla/5.0 (Windows NT 10.0; Win64; x64) Chrome/141.0
2026-08-26 11:35:00,GET,/health,200,9,,python-httpx/0.28.1
2026-08-26 11:39:00,POST,/conversations,200,110,a92f4d18-6b77-4c55-9e02-1f3b7c8d4e6a,Mozilla/5.0 (Windows NT 10.0; Win64; x64) Chrome/141.0
2026-08-26 11:40:00,GET,/health,200,2,,python-httpx/0.28.1
2026-08-26 11:43:00,GET,/me/conversations,200,74,a92f4d18-6b77-4c55-9e02-1f3b7c8d4e6a,Mozilla/5.0 (Windows NT 10.0; Win64; x64) Chrome/141.0
2026-08-26 11:45:00,POST,/conversations/3f98e277-4cbd-47ad-9c90-a9587403e430/messages,200,176,a92f4d18-6b77-4c55-9e02-1f3b7c8d4e6a,Mozilla/5.0 (Windows NT 10.0; Win64; x64) Chrome/141.0
2026-08-26 11:45:00,GET,/health,200,5,,python-httpx/0.28.1
2026-08-26 11:49:00,POST,/conversations/6513270e-269e-4d37-b2a7-4de452e6b438/messages,500,580,a92f4d18-6b77-4c55-9e02-1f3b7c8d4e6a,Mozilla/5.0 (Windows NT 10.0; Win64; x64) Chrome/141.0
2026-08-26 11:49:00,POST,/conversations/6513270e-269e-4d37-b2a7-4de452e6b438/messages,500,580,a92f4d18-6b77-4c55-9e02-1f3b7c8d4e6a,Mozilla/5.0 (Windows NT 10.0; Win64; x64) Chrome/141.0
2026-08-26 11:50:00,GET,/health,200,6,,python-httpx/0.28.1
2026-08-26 11:53:00,GET,/me/conversations,404,94,a92f4d18-6b77-4c55-9e02-1f3b7c8d4e6a,Mozilla/5.0 (Windows NT 10.0; Win64; x64) Chrome/141.0
2026-08-26 11:54:00,POST,/conversations/7f150524-34b9-45df-9e77-69b10f4205b4/messages,200,142,7c1e9b02-44da-4f0e-9a31-8ad5c6f21b90,Mozilla/5.0 (Windows NT 10.0; Win64; x64) Chrome/141.0
2026-08-26 11:55:00,GET,/health,200,4,,python-httpx/0.28.1
2026-08-26 11:58:00,POST,/conversations/9be4bcfc-49b6-4a08-b2e6-cc3ababced20/messages,200,152,5e90694f-0aca-43e6-b6dd-68daa289b104,Mozilla/5.0 (Windows NT 10.0; Win64; x64) Chrome/141.0
2026-08-26 11:59:00,GET,/me/conversations,200,39,3fa85f64-5717-4562-b3fc-2c963f66afa6,Mozilla/5.0 (Windows NT 10.0; Win64; x64) Chrome/141.0
2026-08-26 12:00:00,GET,/health,200,6,,python-httpx/0.28.1
2026-08-26 12:01:00,GET,/me,200,31,7c1e9b02-44da-4f0e-9a31-8ad5c6f21b90,Mozilla/5.0 (Windows NT 10.0; Win64; x64) Chrome/141.0
2026-08-26 12:03:00,GET,/conversations/ae97ba94-d0ed-482f-8f6d-05584ef8aa38/messages,200,41,,Mozilla/5.0 (Windows NT 10.0; Win64; x64) Chrome/141.0
2026-08-26 12:05:00,GET,/health,200,4,,python-httpx/0.28.1
2026-08-26 12:07:00,POST,/conversations/7f26144b-9828-4fcd-99a5-4a7bb1fee08f/messages,200,51,3fa85f64-5717-4562-b3fc-2c963f66afa6,Mozilla/5.0 (Windows NT 10.0; Win64; x64) Chrome/141.0
2026-08-26 12:09:00,GET,/me/conversations,200,67,3fa85f64-5717-4562-b3fc-2c963f66afa6,Mozilla/5.0 (Windows NT 10.0; Win64; x64) Chrome/141.0
2026-08-26 12:10:00,GET,/health,200,5,,python-httpx/0.28.1
2026-08-26 12:13:00,GET,/conversations/7e62aa0a-1df9-4d78-9c65-39382b0537e6/messages,200,41,3fa85f64-5717-4562-b3fc-2c963f66afa6,Mozilla/5.0 (Windows NT 10.0; Win64; x64) Chrome/141.0
2026-08-26 12:15:00,GET,/health,200,5,,python-httpx/0.28.1
2026-08-26 12:15:00,POST,/conversations,200,52,7c1e9b02-44da-4f0e-9a31-8ad5c6f21b90,Mozilla/5.0 (Windows NT 10.0; Win64; x64) Chrome/141.0
2026-08-26 12:20:00,GET,/health,200,9,,python-httpx/0.28.1
2026-08-26 12:20:00,POST,/conversations/7e62aa0a-1df9-4d78-9c65-39382b0537e6/messages,200,156,a92f4d18-6b77-4c55-9e02-1f3b7c8d4e6a,Mozilla/5.0 (Windows NT 10.0; Win64; x64) Chrome/141.0
2026-08-26 12:25:00,GET,/health,200,8,,python-httpx/0.28.1
2026-08-26 12:26:00,GET,/me/conversations,200,43,3fa85f64-5717-4562-b3fc-2c963f66afa6,Mozilla/5.0 (Windows NT 10.0; Win64; x64) Chrome/141.0
2026-08-26 12:30:00,GET,/health,200,6,,python-httpx/0.28.1
2026-08-26 12:32:00,GET,/me,200,48,7c1e9b02-44da-4f0e-9a31-8ad5c6f21b90,Mozilla/5.0 (Windows NT 10.0; Win64; x64) Chrome/141.0
2026-08-26 12:35:00,GET,/conversations/6b4cb242-4a23-4596-a217-beaddbc496cb/messages,200,105,3fa85f64-5717-4562-b3fc-2c963f66afa6,Mozilla/5.0 (Windows NT 10.0; Win64; x64) Chrome/141.0
2026-08-26 12:35:00,GET,/conversations/6b4cb242-4a23-4596-a217-beaddbc496cb/messages,200,105,3fa85f64-5717-4562-b3fc-2c963f66afa6,Mozilla/5.0 (Windows NT 10.0; Win64; x64) Chrome/141.0
2026-08-26 12:35:00,GET,/health,200,6,,python-httpx/0.28.1
2026-08-26 12:40:00,GET,/health,200,3,,python-httpx/0.28.1
2026-08-26 12:41:00,POST,/conversations/8e81973e-0bec-47b0-b898-d190f9ebdacc/messages,200,186,3fa85f64-5717-4562-b3fc-2c963f66afa6,Mozilla/5.0 (Windows NT 10.0; Win64; x64) Chrome/141.0
2026-08-26 12:43:00,POST,/conversations,200,72,a92f4d18-6b77-4c55-9e02-1f3b7c8d4e6a,Mozilla/5.0 (Windows NT 10.0; Win64; x64) Chrome/141.0
2026-08-26 12:45:00,GET,/health,200,4,,python-httpx/0.28.1
2026-08-26 12:49:00,GET,/me/conversations,200,78,a92f4d18-6b77-4c55-9e02-1f3b7c8d4e6a,Mozilla/5.0 (Windows NT 10.0; Win64; x64) Chrome/141.0
2026-08-26 12:50:00,GET,/health,200,9,,python-httpx/0.28.1
2026-08-26 12:52:00,POST,/conversations,200,167,a92f4d18-6b77-4c55-9e02-1f3b7c8d4e6a,Mozilla/5.0 (Windows NT 10.0; Win64; x64) Chrome/141.0
2026-08-26 12:52:00,POST,/conversations,200,167,a92f4d18-6b77-4c55-9e02-1f3b7c8d4e6a,Mozilla/5.0 (Windows NT 10.0; Win64; x64) Chrome/141.0
2026-08-26 12:55:00,GET,/health,200,9,,python-httpx/0.28.1
2026-08-26 12:56:00,GET,/conversations/923a7369-94e3-4f91-9a61-dbe22e44158b/messages,200,,a92f4d18-6b77-4c55-9e02-1f3b7c8d4e6a,Mozilla/5.0 (Windows NT 10.0; Win64; x64) Chrome/141.0
2026-08-26 13:00:00,GET,/health,200,5,,python-httpx/0.28.1
2026-08-26 13:01:00,POST,/conversations/119a72d1-74c9-4f6a-8c01-1cdd9474031b/messages,200,98,a92f4d18-6b77-4c55-9e02-1f3b7c8d4e6a,Mozilla/5.0 (Windows NT 10.0; Win64; x64) Chrome/141.0
2026-08-26 13:05:00,GET,/health,200,3,,python-httpx/0.28.1
2026-08-26 13:07:00,POST,/conversations/57124242-5051-41cc-917f-9acae01f5057/messages,200,,a92f4d18-6b77-4c55-9e02-1f3b7c8d4e6a,Mozilla/5.0 (Windows NT 10.0; Win64; x64) Chrome/141.0
2026-08-26 13:09:00,GET,/me/conversations,200,68,a92f4d18-6b77-4c55-9e02-1f3b7c8d4e6a,Mozilla/5.0 (Windows NT 10.0; Win64; x64) Chrome/141.0
2026-08-26 13:10:00,GET,/health,200,5,,python-httpx/0.28.1
2026-08-26 13:14:00,GET,/conversations/ec66a787-95e7-41d1-b731-af10506bf2ef/messages,200,87,a92f4d18-6b77-4c55-9e02-1f3b7c8d4e6a,Mozilla/5.0 (Windows NT 10.0; Win64; x64) Chrome/141.0
2026-08-26 13:15:00,GET,/health,200,8,,python-httpx/0.28.1
2026-08-26 13:18:00,GET,/me/conversations,200,64,a92f4d18-6b77-4c55-9e02-1f3b7c8d4e6a,Mozilla/5.0 (Windows NT 10.0; Win64; x64) Chrome/141.0
2026-08-26 13:19:00,GET,/conversations/3f98e277-4cbd-47ad-9c90-a9587403e430/messages,200,134,3fa85f64-5717-4562-b3fc-2c963f66afa6,Mozilla/5.0 (Windows NT 10.0; Win64; x64) Chrome/141.0
2026-08-26 13:20:00,GET,/health,200,2,,python-httpx/0.28.1
2026-08-26 13:22:00,POST,/conversations/49952399-c4aa-4ac1-b7dc-76fb0f17a300/messages,200,,3fa85f64-5717-4562-b3fc-2c963f66afa6,Mozilla/5.0 (Windows NT 10.0; Win64; x64) Chrome/141.0
2026-08-26 13:23:00,GET,/conversations/0fd630f1-f29d-4da9-953f-48f1a09f76b5/messages,200,89,a92f4d18-6b77-4c55-9e02-1f3b7c8d4e6a,Mozilla/5.0 (Windows NT 10.0; Win64; x64) Chrome/141.0
2026-08-26 13:25:00,GET,/health,200,6,,python-httpx/0.28.1
2026-08-26 13:28:00,GET,/me/conversations,200,42,3fa85f64-5717-4562-b3fc-2c963f66afa6,Mozilla/5.0 (Windows NT 10.0; Win64; x64) Chrome/141.0
2026-08-26 13:30:00,GET,/health,200,8,,python-httpx/0.28.1
2026-08-26 13:34:00,POST,/conversations/7f1b103c-df15-42b0-aab4-77d26415479c/messages,200,85,3fa85f64-5717-4562-b3fc-2c963f66afa6,Mozilla/5.0 (Windows NT 10.0; Win64; x64) Chrome/141.0
2026-08-26 13:35:00,GET,/health,200,5,,python-httpx/0.28.1
2026-08-26 13:39:00,GET,/me/conversations,200,48,3fa85f64-5717-4562-b3fc-2c963f66afa6,Mozilla/5.0 (Windows NT 10.0; Win64; x64) Chrome/141.0
2026-08-26 13:40:00,GET,/health,200,4,,python-httpx/0.28.1
2026-08-26 13:42:00,GET,/me/conversations,200,23,7c1e9b02-44da-4f0e-9a31-8ad5c6f21b90,Mozilla/5.0 (Windows NT 10.0; Win64; x64) Chrome/141.0
2026-08-26 13:43:00,GET,/me/conversations,200,68,3fa85f64-5717-4562-b3fc-2c963f66afa6,Mozilla/5.0 (Windows NT 10.0; Win64; x64) Chrome/141.0
2026-08-26 13:45:00,GET,/health,200,7,,python-httpx/0.28.1
2026-08-26 13:49:00,GET,/me/conversations,404,85,3fa85f64-5717-4562-b3fc-2c963f66afa6,Mozilla/5.0 (Windows NT 10.0; Win64; x64) Chrome/141.0
2026-08-26 13:50:00,GET,/health,200,8,,python-httpx/0.28.1
2026-08-26 13:55:00,GET,/health,200,9,,python-httpx/0.28.1
2026-08-26 13:55:00,GET,/me/conversations,200,59,5e90694f-0aca-43e6-b6dd-68daa289b104,Mozilla/5.0 (Windows NT 10.0; Win64; x64) Chrome/141.0
2026-08-26 14:00:00,POST,/conversations/57ee05cd-e009-42c7-bebf-f20686734721/messages,200,169,7c1e9b02-44da-4f0e-9a31-8ad5c6f21b90,Mozilla/5.0 (Windows NT 10.0; Win64; x64) Chrome/141.0
2026-08-26 14:04:00,GET,/me/conversations,500,324,a92f4d18-6b77-4c55-9e02-1f3b7c8d4e6a,Mozilla/5.0 (Windows NT 10.0; Win64; x64) Chrome/141.0
2026-08-26 14:09:00,GET,/me/conversations,200,95,5e90694f-0aca-43e6-b6dd-68daa289b104,Mozilla/5.0 (Windows NT 10.0; Win64; x64) Chrome/141.0
2026-08-26 14:15:00,GET,/conversations/3f98e277-4cbd-47ad-9c90-a9587403e430/messages,200,84,a92f4d18-6b77-4c55-9e02-1f3b7c8d4e6a,Mozilla/5.0 (Windows NT 10.0; Win64; x64) Chrome/141.0
2026-08-26 14:20:00,POST,/conversations/451abd81-f1d6-4ed6-97f5-e837d70820fe/messages,200,195,5e90694f-0aca-43e6-b6dd-68daa289b104,Mozilla/5.0 (Windows NT 10.0; Win64; x64) Chrome/141.0
2026-08-26 14:22:00,POST,/conversations/9be4bcfc-49b6-4a08-b2e6-cc3ababced20/messages,500,392,a92f4d18-6b77-4c55-9e02-1f3b7c8d4e6a,Mozilla/5.0 (Windows NT 10.0; Win64; x64) Chrome/141.0
2026-08-26 14:28:00,GET,/conversations/7f26144b-9828-4fcd-99a5-4a7bb1fee08f/messages,500,400,7c1e9b02-44da-4f0e-9a31-8ad5c6f21b90,Mozilla/5.0 (Windows NT 10.0; Win64; x64) Chrome/141.0
2026-08-26 14:30:00,GET,/me/conversations,200,21,3fa85f64-5717-4562-b3fc-2c963f66afa6,Mozilla/5.0 (Windows NT 10.0; Win64; x64) Chrome/141.0
2026-08-26 14:30:00,GET,/me/conversations,200,21,3fa85f64-5717-4562-b3fc-2c963f66afa6,Mozilla/5.0 (Windows NT 10.0; Win64; x64) Chrome/141.0
2026-08-26 14:34:00,POST,/conversations,200,113,5e90694f-0aca-43e6-b6dd-68daa289b104,Mozilla/5.0 (Windows NT 10.0; Win64; x64) Chrome/141.0
2026-08-26 14:34:00,POST,/conversations,200,113,5e90694f-0aca-43e6-b6dd-68daa289b104,Mozilla/5.0 (Windows NT 10.0; Win64; x64) Chrome/141.0
2026-08-26 14:36:00,GET,/conversations/92276658-1e27-41c0-8a6a-63ec24ede6a4/messages,200,85,,Mozilla/5.0 (Windows NT 10.0; Win64; x64) Chrome/141.0
2026-08-26 14:41:00,GET,/me,200,23,3fa85f64-5717-4562-b3fc-2c963f66afa6,Mozilla/5.0 (Windows NT 10.0; Win64; x64) Chrome/141.0
2026-08-26 14:47:00,GET,/conversations/66d22876-72fd-4202-aa96-fb1a14a0f9e7/messages,200,68,7c1e9b02-44da-4f0e-9a31-8ad5c6f21b90,Mozilla/5.0 (Windows NT 10.0; Win64; x64) Chrome/141.0
2026-08-26 14:48:00,POST,/conversations/ae97ba94-d0ed-482f-8f6d-05584ef8aa38/messages,200,141,5e90694f-0aca-43e6-b6dd-68daa289b104,Mozilla/5.0 (Windows NT 10.0; Win64; x64) Chrome/141.0
2026-08-26 14:50:00,GET,/me,200,36,a92f4d18-6b77-4c55-9e02-1f3b7c8d4e6a,Mozilla/5.0 (Windows NT 10.0; Win64; x64) Chrome/141.0
2026-08-26 14:51:00,POST,/conversations/9be4bcfc-49b6-4a08-b2e6-cc3ababced20/messages,200,137,5e90694f-0aca-43e6-b6dd-68daa289b104,Mozilla/5.0 (Windows NT 10.0; Win64; x64) Chrome/141.0
2026-08-26 14:57:00,GET,/conversations/6b0d549b-6f03-475a-9600-a35a099950d8/messages,200,,a92f4d18-6b77-4c55-9e02-1f3b7c8d4e6a,Mozilla/5.0 (Windows NT 10.0; Win64; x64) Chrome/141.0
2026-08-26 15:02:00,GET,/me/conversations,200,31,a92f4d18-6b77-4c55-9e02-1f3b7c8d4e6a,Mozilla/5.0 (Windows NT 10.0; Win64; x64) Chrome/141.0
2026-08-26 15:07:00,GET,/conversations/5affb229-7631-4992-b0ce-583505c6af07/messages,200,64,5e90694f-0aca-43e6-b6dd-68daa289b104,Mozilla/5.0 (Windows NT 10.0; Win64; x64) Chrome/141.0
2026-08-26 15:07:00,GET,/conversations/5affb229-7631-4992-b0ce-583505c6af07/messages,200,64,5e90694f-0aca-43e6-b6dd-68daa289b104,Mozilla/5.0 (Windows NT 10.0; Win64; x64) Chrome/141.0
2026-08-26 15:13:00,GET,/conversations/66d22876-72fd-4202-aa96-fb1a14a0f9e7/messages,404,48,a92f4d18-6b77-4c55-9e02-1f3b7c8d4e6a,Mozilla/5.0 (Windows NT 10.0; Win64; x64) Chrome/141.0
2026-08-26 15:18:00,GET,/conversations/451abd81-f1d6-4ed6-97f5-e837d70820fe/messages,200,58,a92f4d18-6b77-4c55-9e02-1f3b7c8d4e6a,Mozilla/5.0 (Windows NT 10.0; Win64; x64) Chrome/141.0
2026-08-26 15:19:00,POST,/conversations,200,111,,Mozilla/5.0 (Windows NT 10.0; Win64; x64) Chrome/141.0
2026-08-26 15:25:00,POST,/conversations,200,61,7c1e9b02-44da-4f0e-9a31-8ad5c6f21b90,Mozilla/5.0 (Windows NT 10.0; Win64; x64) Chrome/141.0
2026-08-26 15:29:00,GET,/conversations/830e07bc-1e39-4f10-92bd-4acefaecbd38/messages,200,81,5e90694f-0aca-43e6-b6dd-68daa289b104,Mozilla/5.0 (Windows NT 10.0; Win64; x64) Chrome/141.0
2026-08-26 15:35:00,GET,/me/conversations,200,51,a92f4d18-6b77-4c55-9e02-1f3b7c8d4e6a,Mozilla/5.0 (Windows NT 10.0; Win64; x64) Chrome/141.0
2026-08-26 15:40:00,GET,/me/conversations,200,37,,python-httpx/0.28.1
2026-08-26 15:41:00,GET,/me/conversations,200,42,a92f4d18-6b77-4c55-9e02-1f3b7c8d4e6a,Mozilla/5.0 (Windows NT 10.0; Win64; x64) Chrome/141.0
2026-08-26 15:41:00,GET,/me/conversations,200,66,,python-httpx/0.28.1
2026-08-26 15:42:00,GET,/me/conversations,200,34,,python-httpx/0.28.1
2026-08-26 15:43:00,GET,/me/conversations,200,60,7c1e9b02-44da-4f0e-9a31-8ad5c6f21b90,Mozilla/5.0 (Windows NT 10.0; Win64; x64) Chrome/141.0
2026-08-26 15:43:00,GET,/me/conversations,200,46,,python-httpx/0.28.1
2026-08-26 15:44:00,GET,/me/conversations,200,65,,python-httpx/0.28.1
2026-08-26 15:45:00,GET,/me/conversations,200,65,,python-httpx/0.28.1
2026-08-26 15:46:00,GET,/me/conversations,200,57,,python-httpx/0.28.1
2026-08-26 15:47:00,GET,/conversations/5affb229-7631-4992-b0ce-583505c6af07/messages,200,88,a92f4d18-6b77-4c55-9e02-1f3b7c8d4e6a,Mozilla/5.0 (Windows NT 10.0; Win64; x64) Chrome/141.0
2026-08-26 15:47:00,GET,/me/conversations,200,27,,python-httpx/0.28.1
2026-08-26 15:48:00,GET,/me/conversations,200,48,,python-httpx/0.28.1
2026-08-26 15:49:00,GET,/me/conversations,200,42,,python-httpx/0.28.1
2026-08-26 15:50:00,GET,/me/conversations,200,29,,python-httpx/0.28.1
2026-08-26 15:51:00,GET,/me/conversations,200,47,,python-httpx/0.28.1
2026-08-26 15:52:00,GET,/me/conversations,200,32,,python-httpx/0.28.1
2026-08-26 15:53:00,GET,/me/conversations,200,54,,python-httpx/0.28.1
2026-08-26 15:53:00,GET,/me,200,47,7c1e9b02-44da-4f0e-9a31-8ad5c6f21b90,Mozilla/5.0 (Windows NT 10.0; Win64; x64) Chrome/141.0
2026-08-26 15:54:00,GET,/me/conversations,200,57,,python-httpx/0.28.1
2026-08-26 15:55:00,GET,/me/conversations,200,60,,python-httpx/0.28.1
2026-08-26 15:56:00,GET,/me/conversations,404,81,7c1e9b02-44da-4f0e-9a31-8ad5c6f21b90,Mozilla/5.0 (Windows NT 10.0; Win64; x64) Chrome/141.0
2026-08-26 15:56:00,GET,/me/conversations,200,58,,python-httpx/0.28.1
2026-08-26 15:57:00,GET,/me/conversations,200,46,,python-httpx/0.28.1
2026-08-26 15:58:00,GET,/me/conversations,200,33,,python-httpx/0.28.1
2026-08-26 15:59:00,GET,/me/conversations,200,69,,python-httpx/0.28.1
2026-08-26 16:00:00,POST,/conversations,200,99,5e90694f-0aca-43e6-b6dd-68daa289b104,Mozilla/5.0 (Windows NT 10.0; Win64; x64) Chrome/141.0
2026-08-26 16:00:00,POST,/conversations,200,99,5e90694f-0aca-43e6-b6dd-68daa289b104,Mozilla/5.0 (Windows NT 10.0; Win64; x64) Chrome/141.0
2026-08-26 16:00:00,GET,/me/conversations,200,36,,python-httpx/0.28.1
2026-08-26 16:01:00,GET,/me/conversations,200,31,,python-httpx/0.28.1
2026-08-26 16:02:00,GET,/me/conversations,200,70,,python-httpx/0.28.1
2026-08-26 16:03:00,GET,/me/conversations,200,31,,python-httpx/0.28.1
2026-08-26 16:04:00,GET,/me/conversations,200,67,,python-httpx/0.28.1
2026-08-26 16:05:00,GET,/me/conversations,200,28,,python-httpx/0.28.1
2026-08-26 16:06:00,GET,/me/conversations,200,60,,python-httpx/0.28.1
2026-08-26 16:07:00,GET,/me/conversations,200,70,,python-httpx/0.28.1
2026-08-26 16:08:00,GET,/me/conversations,200,49,,python-httpx/0.28.1
2026-08-26 16:09:00,GET,/me/conversations,200,31,,python-httpx/0.28.1
2026-08-26 16:10:00,GET,/me/conversations,200,56,,python-httpx/0.28.1
2026-08-26 16:11:00,GET,/me/conversations,200,26,,python-httpx/0.28.1
2026-08-26 16:12:00,GET,/me/conversations,200,68,,python-httpx/0.28.1
2026-08-26 16:13:00,GET,/me/conversations,200,56,,python-httpx/0.28.1
2026-08-26 16:14:00,GET,/me/conversations,200,45,,python-httpx/0.28.1
2026-08-26 16:15:00,GET,/me/conversations,200,22,,python-httpx/0.28.1
2026-08-26 16:16:00,GET,/me/conversations,200,39,,python-httpx/0.28.1
2026-08-26 16:17:00,GET,/me/conversations,200,41,,python-httpx/0.28.1
2026-08-26 16:18:00,GET,/me/conversations,200,58,,python-httpx/0.28.1
2026-08-26 16:19:00,GET,/me/conversations,200,53,,python-httpx/0.28.1
2026-08-27 09:00:00,GET,/health,200,4,,python-httpx/0.28.1
2026-08-27 09:01:00,GET,/conversations/57ee05cd-e009-42c7-bebf-f20686734721/messages,200,86,5e90694f-0aca-43e6-b6dd-68daa289b104,Mozilla/5.0 (Windows NT 10.0; Win64; x64) Chrome/141.0
2026-08-27 09:01:00,GET,/conversations/57ee05cd-e009-42c7-bebf-f20686734721/messages,200,86,5e90694f-0aca-43e6-b6dd-68daa289b104,Mozilla/5.0 (Windows NT 10.0; Win64; x64) Chrome/141.0
2026-08-27 09:05:00,GET,/health,200,2,,python-httpx/0.28.1
2026-08-27 09:06:00,GET,/me/conversations,200,41,7c1e9b02-44da-4f0e-9a31-8ad5c6f21b90,Mozilla/5.0 (Windows NT 10.0; Win64; x64) Chrome/141.0
2026-08-27 09:10:00,GET,/me/conversations,200,51,3fa85f64-5717-4562-b3fc-2c963f66afa6,Mozilla/5.0 (Windows NT 10.0; Win64; x64) Chrome/141.0
2026-08-27 09:10:00,GET,/health,200,7,,python-httpx/0.28.1
2026-08-27 09:10:00,GET,/me/conversations,200,51,3fa85f64-5717-4562-b3fc-2c963f66afa6,Mozilla/5.0 (Windows NT 10.0; Win64; x64) Chrome/141.0
2026-08-27 09:11:00,GET,/me/conversations,200,77,a92f4d18-6b77-4c55-9e02-1f3b7c8d4e6a,Mozilla/5.0 (Windows NT 10.0; Win64; x64) Chrome/141.0
2026-08-27 09:14:00,GET,/me/conversations,200,39,3fa85f64-5717-4562-b3fc-2c963f66afa6,Mozilla/5.0 (Windows NT 10.0; Win64; x64) Chrome/141.0
2026-08-27 09:15:00,GET,/health,200,6,,python-httpx/0.28.1
2026-08-27 09:17:00,POST,/conversations/ae658f33-fe3b-490b-93f4-48b3a5aa3c81/messages,200,74,3fa85f64-5717-4562-b3fc-2c963f66afa6,Mozilla/5.0 (Windows NT 10.0; Win64; x64) Chrome/141.0
2026-08-27 09:20:00,GET,/health,200,9,,python-httpx/0.28.1
2026-08-27 09:22:00,POST,/conversations/10a3d6b2-aa05-411a-b271-5945795e8229/messages,200,188,3fa85f64-5717-4562-b3fc-2c963f66afa6,Mozilla/5.0 (Windows NT 10.0; Win64; x64) Chrome/141.0
2026-08-27 09:25:00,GET,/me/conversations,200,51,3fa85f64-5717-4562-b3fc-2c963f66afa6,Mozilla/5.0 (Windows NT 10.0; Win64; x64) Chrome/141.0
2026-08-27 09:25:00,GET,/health,200,5,,python-httpx/0.28.1
2026-08-27 09:29:00,POST,/conversations/ae97ba94-d0ed-482f-8f6d-05584ef8aa38/messages,200,96,3fa85f64-5717-4562-b3fc-2c963f66afa6,Mozilla/5.0 (Windows NT 10.0; Win64; x64) Chrome/141.0
2026-08-27 09:30:00,GET,/health,200,7,,python-httpx/0.28.1
2026-08-27 09:33:00,GET,/me/conversations,200,95,3fa85f64-5717-4562-b3fc-2c963f66afa6,Mozilla/5.0 (Windows NT 10.0; Win64; x64) Chrome/141.0
2026-08-27 09:35:00,GET,/health,200,7,,python-httpx/0.28.1
2026-08-27 09:36:00,GET,/conversations/3f98e277-4cbd-47ad-9c90-a9587403e430/messages,200,100,5e90694f-0aca-43e6-b6dd-68daa289b104,Mozilla/5.0 (Windows NT 10.0; Win64; x64) Chrome/141.0
2026-08-27 09:39:00,GET,/me/conversations,404,36,3fa85f64-5717-4562-b3fc-2c963f66afa6,Mozilla/5.0 (Windows NT 10.0; Win64; x64) Chrome/141.0
2026-08-27 09:40:00,GET,/health,200,7,,python-httpx/0.28.1
2026-08-27 09:42:00,GET,/conversations/ec66a787-95e7-41d1-b731-af10506bf2ef/messages,200,53,5e90694f-0aca-43e6-b6dd-68daa289b104,Mozilla/5.0 (Windows NT 10.0; Win64; x64) Chrome/141.0
2026-08-27 09:45:00,GET,/health,200,8,,python-httpx/0.28.1
2026-08-27 09:46:00,GET,/me,200,,5e90694f-0aca-43e6-b6dd-68daa289b104,Mozilla/5.0 (Windows NT 10.0; Win64; x64) Chrome/141.0
2026-08-27 09:47:00,GET,/me/conversations,200,52,3fa85f64-5717-4562-b3fc-2c963f66afa6,Mozilla/5.0 (Windows NT 10.0; Win64; x64) Chrome/141.0
2026-08-27 09:50:00,GET,/health,200,4,,python-httpx/0.28.1
2026-08-27 09:51:00,POST,/conversations,200,93,a92f4d18-6b77-4c55-9e02-1f3b7c8d4e6a,Mozilla/5.0 (Windows NT 10.0; Win64; x64) Chrome/141.0
2026-08-27 09:54:00,POST,/conversations/57124242-5051-41cc-917f-9acae01f5057/messages,200,118,3fa85f64-5717-4562-b3fc-2c963f66afa6,Mozilla/5.0 (Windows NT 10.0; Win64; x64) Chrome/141.0
2026-08-27 09:55:00,GET,/health,200,9,,python-httpx/0.28.1
2026-08-27 09:57:00,POST,/conversations/58d5563d-ab2c-431e-a315-128862c33a4f/messages,200,141,a92f4d18-6b77-4c55-9e02-1f3b7c8d4e6a,Mozilla/5.0 (Windows NT 10.0; Win64; x64) Chrome/141.0
2026-08-27 10:00:00,GET,/health,200,9,,python-httpx/0.28.1
2026-08-27 10:02:00,GET,/me/conversations,200,88,7c1e9b02-44da-4f0e-9a31-8ad5c6f21b90,Mozilla/5.0 (Windows NT 10.0; Win64; x64) Chrome/141.0
2026-08-27 10:05:00,GET,/health,200,9,,python-httpx/0.28.1
2026-08-27 10:06:00,GET,/me,200,33,7c1e9b02-44da-4f0e-9a31-8ad5c6f21b90,Mozilla/5.0 (Windows NT 10.0; Win64; x64) Chrome/141.0
2026-08-27 10:10:00,GET,/health,200,3,,python-httpx/0.28.1
2026-08-27 10:12:00,GET,/conversations/10a3d6b2-aa05-411a-b271-5945795e8229/messages,200,85,3fa85f64-5717-4562-b3fc-2c963f66afa6,Mozilla/5.0 (Windows NT 10.0; Win64; x64) Chrome/141.0
2026-08-27 10:15:00,GET,/me/conversations,200,64,3fa85f64-5717-4562-b3fc-2c963f66afa6,Mozilla/5.0 (Windows NT 10.0; Win64; x64) Chrome/141.0
2026-08-27 10:15:00,GET,/health,200,9,,python-httpx/0.28.1
2026-08-27 10:20:00,GET,/health,200,5,,python-httpx/0.28.1
2026-08-27 10:20:00,GET,/me/conversations,200,38,5e90694f-0aca-43e6-b6dd-68daa289b104,Mozilla/5.0 (Windows NT 10.0; Win64; x64) Chrome/141.0
2026-08-27 10:23:00,GET,/me/conversations,200,64,,Mozilla/5.0 (Windows NT 10.0; Win64; x64) Chrome/141.0
2026-08-27 10:23:00,GET,/me/conversations,200,64,,Mozilla/5.0 (Windows NT 10.0; Win64; x64) Chrome/141.0
2026-08-27 10:25:00,GET,/health,200,5,,python-httpx/0.28.1
2026-08-27 10:27:00,POST,/conversations,200,125,7c1e9b02-44da-4f0e-9a31-8ad5c6f21b90,Mozilla/5.0 (Windows NT 10.0; Win64; x64) Chrome/141.0
2026-08-27 10:30:00,GET,/health,200,9,,python-httpx/0.28.1
2026-08-27 10:32:00,GET,/me/conversations,200,75,7c1e9b02-44da-4f0e-9a31-8ad5c6f21b90,Mozilla/5.0 (Windows NT 10.0; Win64; x64) Chrome/141.0
2026-08-27 10:35:00,GET,/health,200,9,,python-httpx/0.28.1
2026-08-27 10:35:00,POST,/conversations,200,113,7c1e9b02-44da-4f0e-9a31-8ad5c6f21b90,Mozilla/5.0 (Windows NT 10.0; Win64; x64) Chrome/141.0
2026-08-27 10:40:00,GET,/health,200,9,,python-httpx/0.28.1
2026-08-27 10:41:00,GET,/me/conversations,200,83,7c1e9b02-44da-4f0e-9a31-8ad5c6f21b90,Mozilla/5.0 (Windows NT 10.0; Win64; x64) Chrome/141.0
2026-08-27 10:44:00,GET,/conversations/90c192cf-d3ac-44af-8f21-ddb66cad4a26/messages,200,82,3fa85f64-5717-4562-b3fc-2c963f66afa6,Mozilla/5.0 (Windows NT 10.0; Win64; x64) Chrome/141.0
2026-08-27 10:45:00,GET,/health,200,9,,python-httpx/0.28.1
2026-08-27 10:46:00,POST,/conversations/923a7369-94e3-4f91-9a61-dbe22e44158b/messages,200,117,5e90694f-0aca-43e6-b6dd-68daa289b104,Mozilla/5.0 (Windows NT 10.0; Win64; x64) Chrome/141.0
2026-08-27 10:49:00,POST,/conversations/7f150524-34b9-45df-9e77-69b10f4205b4/messages,200,135,3fa85f64-5717-4562-b3fc-2c963f66afa6,Mozilla/5.0 (Windows NT 10.0; Win64; x64) Chrome/141.0
2026-08-27 10:50:00,GET,/conversations/c7a2ea20-b2f1-4c94-ae05-319acb5c7427/messages,200,93,5e90694f-0aca-43e6-b6dd-68daa289b104,Mozilla/5.0 (Windows NT 10.0; Win64; x64) Chrome/141.0
2026-08-27 10:50:00,GET,/health,200,4,,python-httpx/0.28.1
2026-08-27 10:52:00,POST,/conversations,200,194,3fa85f64-5717-4562-b3fc-2c963f66afa6,Mozilla/5.0 (Windows NT 10.0; Win64; x64) Chrome/141.0
2026-08-27 10:55:00,GET,/health,200,3,,python-httpx/0.28.1
2026-08-27 10:56:00,GET,/conversations/65dc9f50-3f63-4f83-bd05-61e6211c70cf/messages,200,118,7c1e9b02-44da-4f0e-9a31-8ad5c6f21b90,Mozilla/5.0 (Windows NT 10.0; Win64; x64) Chrome/141.0
2026-08-27 11:00:00,GET,/health,200,9,,python-httpx/0.28.1
2026-08-27 11:02:00,GET,/conversations/90c192cf-d3ac-44af-8f21-ddb66cad4a26/messages,200,124,7c1e9b02-44da-4f0e-9a31-8ad5c6f21b90,Mozilla/5.0 (Windows NT 10.0; Win64; x64) Chrome/141.0
2026-08-27 11:02:00,GET,/conversations/90c192cf-d3ac-44af-8f21-ddb66cad4a26/messages,200,124,7c1e9b02-44da-4f0e-9a31-8ad5c6f21b90,Mozilla/5.0 (Windows NT 10.0; Win64; x64) Chrome/141.0
2026-08-27 11:05:00,GET,/health,200,9,,python-httpx/0.28.1
2026-08-27 11:05:00,POST,/conversations,200,118,a92f4d18-6b77-4c55-9e02-1f3b7c8d4e6a,Mozilla/5.0 (Windows NT 10.0; Win64; x64) Chrome/141.0
2026-08-27 11:08:00,GET,/me,200,64,,Mozilla/5.0 (Windows NT 10.0; Win64; x64) Chrome/141.0
2026-08-27 11:10:00,GET,/health,200,9,,python-httpx/0.28.1
2026-08-27 11:13:00,GET,/me,200,20,7c1e9b02-44da-4f0e-9a31-8ad5c6f21b90,Mozilla/5.0 (Windows NT 10.0; Win64; x64) Chrome/141.0
2026-08-27 11:13:00,GET,/me,200,20,7c1e9b02-44da-4f0e-9a31-8ad5c6f21b90,Mozilla/5.0 (Windows NT 10.0; Win64; x64) Chrome/141.0
2026-08-27 11:15:00,GET,/health,200,6,,python-httpx/0.28.1
2026-08-27 11:19:00,POST,/conversations/451abd81-f1d6-4ed6-97f5-e837d70820fe/messages,200,152,3fa85f64-5717-4562-b3fc-2c963f66afa6,Mozilla/5.0 (Windows NT 10.0; Win64; x64) Chrome/141.0
2026-08-27 11:20:00,GET,/health,200,8,,python-httpx/0.28.1
2026-08-27 11:21:00,GET,/conversations/18f135d2-5f55-4203-b018-50c5a38fd547/messages,200,75,a92f4d18-6b77-4c55-9e02-1f3b7c8d4e6a,Mozilla/5.0 (Windows NT 10.0; Win64; x64) Chrome/141.0
2026-08-27 11:22:00,GET,/me/conversations,200,54,3fa85f64-5717-4562-b3fc-2c963f66afa6,Mozilla/5.0 (Windows NT 10.0; Win64; x64) Chrome/141.0
2026-08-27 11:25:00,GET,/me/conversations,200,61,a92f4d18-6b77-4c55-9e02-1f3b7c8d4e6a,Mozilla/5.0 (Windows NT 10.0; Win64; x64) Chrome/141.0
2026-08-27 11:25:00,GET,/health,200,5,,python-httpx/0.28.1
2026-08-27 11:27:00,GET,/me/conversations,200,91,,Mozilla/5.0 (Windows NT 10.0; Win64; x64) Chrome/141.0
2026-08-27 11:30:00,GET,/health,200,2,,python-httpx/0.28.1
2026-08-27 11:32:00,GET,/me,200,50,7c1e9b02-44da-4f0e-9a31-8ad5c6f21b90,Mozilla/5.0 (Windows NT 10.0; Win64; x64) Chrome/141.0
2026-08-27 11:35:00,GET,/health,200,9,,python-httpx/0.28.1
2026-08-27 11:36:00,GET,/conversations/3f98e277-4cbd-47ad-9c90-a9587403e430/messages,500,480,7c1e9b02-44da-4f0e-9a31-8ad5c6f21b90,Mozilla/5.0 (Windows NT 10.0; Win64; x64) Chrome/141.0
2026-08-27 11:37:00,GET,/me/conversations,404,87,7c1e9b02-44da-4f0e-9a31-8ad5c6f21b90,Mozilla/5.0 (Windows NT 10.0; Win64; x64) Chrome/141.0
2026-08-27 11:40:00,GET,/health,200,7,,python-httpx/0.28.1
2026-08-27 11:42:00,GET,/me/conversations,500,244,a92f4d18-6b77-4c55-9e02-1f3b7c8d4e6a,Mozilla/5.0 (Windows NT 10.0; Win64; x64) Chrome/141.0
2026-08-27 11:44:00,POST,/conversations/9be4bcfc-49b6-4a08-b2e6-cc3ababced20/messages,200,151,5e90694f-0aca-43e6-b6dd-68daa289b104,Mozilla/5.0 (Windows NT 10.0; Win64; x64) Chrome/141.0
2026-08-27 11:45:00,GET,/health,200,9,,python-httpx/0.28.1
2026-08-27 11:47:00,GET,/conversations/0cb1e29c-658c-4a14-95e6-0af593bd04cf/messages,200,86,5e90694f-0aca-43e6-b6dd-68daa289b104,Mozilla/5.0 (Windows NT 10.0; Win64; x64) Chrome/141.0
2026-08-27 11:50:00,GET,/health,200,4,,python-httpx/0.28.1
2026-08-27 11:53:00,GET,/conversations/4f426dcb-b394-4b36-bb2d-420f0f88080b/messages,200,88,7c1e9b02-44da-4f0e-9a31-8ad5c6f21b90,Mozilla/5.0 (Windows NT 10.0; Win64; x64) Chrome/141.0
2026-08-27 11:55:00,GET,/health,200,6,,python-httpx/0.28.1
2026-08-27 11:57:00,GET,/conversations/90c192cf-d3ac-44af-8f21-ddb66cad4a26/messages,200,81,7c1e9b02-44da-4f0e-9a31-8ad5c6f21b90,Mozilla/5.0 (Windows NT 10.0; Win64; x64) Chrome/141.0
2026-08-27 12:00:00,GET,/health,200,9,,python-httpx/0.28.1
2026-08-27 12:01:00,POST,/conversations,200,153,3fa85f64-5717-4562-b3fc-2c963f66afa6,Mozilla/5.0 (Windows NT 10.0; Win64; x64) Chrome/141.0
2026-08-27 12:04:00,GET,/conversations/ae658f33-fe3b-490b-93f4-48b3a5aa3c81/messages,200,119,3fa85f64-5717-4562-b3fc-2c963f66afa6,Mozilla/5.0 (Windows NT 10.0; Win64; x64) Chrome/141.0
2026-08-27 12:05:00,GET,/health,200,7,,python-httpx/0.28.1
2026-08-27 12:08:00,POST,/conversations/57ee05cd-e009-42c7-bebf-f20686734721/messages,200,154,a92f4d18-6b77-4c55-9e02-1f3b7c8d4e6a,Mozilla/5.0 (Windows NT 10.0; Win64; x64) Chrome/141.0
2026-08-27 12:10:00,GET,/health,200,7,,python-httpx/0.28.1
2026-08-27 12:10:00,POST,/conversations/923a7369-94e3-4f91-9a61-dbe22e44158b/messages,200,126,a92f4d18-6b77-4c55-9e02-1f3b7c8d4e6a,Mozilla/5.0 (Windows NT 10.0; Win64; x64) Chrome/141.0
2026-08-27 12:13:00,GET,/me/conversations,200,19,7c1e9b02-44da-4f0e-9a31-8ad5c6f21b90,Mozilla/5.0 (Windows NT 10.0; Win64; x64) Chrome/141.0
2026-08-27 12:14:00,GET,/me/conversations,200,60,5e90694f-0aca-43e6-b6dd-68daa289b104,Mozilla/5.0 (Windows NT 10.0; Win64; x64) Chrome/141.0
2026-08-27 12:15:00,GET,/health,200,4,,python-httpx/0.28.1
2026-08-27 12:20:00,GET,/health,200,4,,python-httpx/0.28.1
2026-08-27 12:20:00,POST,/conversations,200,82,3fa85f64-5717-4562-b3fc-2c963f66afa6,Mozilla/5.0 (Windows NT 10.0; Win64; x64) Chrome/141.0
2026-08-27 12:25:00,GET,/me/conversations,200,69,5e90694f-0aca-43e6-b6dd-68daa289b104,Mozilla/5.0 (Windows NT 10.0; Win64; x64) Chrome/141.0
2026-08-27 12:25:00,GET,/health,200,9,,python-httpx/0.28.1
2026-08-27 12:30:00,GET,/health,200,2,,python-httpx/0.28.1
2026-08-27 12:31:00,GET,/conversations/ae97ba94-d0ed-482f-8f6d-05584ef8aa38/messages,200,109,3fa85f64-5717-4562-b3fc-2c963f66afa6,Mozilla/5.0 (Windows NT 10.0; Win64; x64) Chrome/141.0
2026-08-27 12:33:00,GET,/me,200,19,3fa85f64-5717-4562-b3fc-2c963f66afa6,Mozilla/5.0 (Windows NT 10.0; Win64; x64) Chrome/141.0
2026-08-27 12:35:00,GET,/conversations/119a72d1-74c9-4f6a-8c01-1cdd9474031b/messages,500,,5e90694f-0aca-43e6-b6dd-68daa289b104,Mozilla/5.0 (Windows NT 10.0; Win64; x64) Chrome/141.0
2026-08-27 12:35:00,GET,/health,200,4,,python-httpx/0.28.1
2026-08-27 12:40:00,GET,/health,200,7,,python-httpx/0.28.1
2026-08-27 12:40:00,GET,/me,200,58,5e90694f-0aca-43e6-b6dd-68daa289b104,Mozilla/5.0 (Windows NT 10.0; Win64; x64) Chrome/141.0
2026-08-27 12:43:00,GET,/conversations/92276658-1e27-41c0-8a6a-63ec24ede6a4/messages,200,75,,Mozilla/5.0 (Windows NT 10.0; Win64; x64) Chrome/141.0
2026-08-27 12:45:00,GET,/health,200,2,,python-httpx/0.28.1
2026-08-27 12:48:00,POST,/conversations/90c192cf-d3ac-44af-8f21-ddb66cad4a26/messages,200,126,7c1e9b02-44da-4f0e-9a31-8ad5c6f21b90,Mozilla/5.0 (Windows NT 10.0; Win64; x64) Chrome/141.0
2026-08-27 12:50:00,GET,/health,200,3,,python-httpx/0.28.1
2026-08-27 12:53:00,POST,/conversations/7f26144b-9828-4fcd-99a5-4a7bb1fee08f/messages,200,191,7c1e9b02-44da-4f0e-9a31-8ad5c6f21b90,Mozilla/5.0 (Windows NT 10.0; Win64; x64) Chrome/141.0
2026-08-27 12:55:00,GET,/health,200,4,,python-httpx/0.28.1
2026-08-27 12:57:00,POST,/conversations/6b4cb242-4a23-4596-a217-beaddbc496cb/messages,200,164,5e90694f-0aca-43e6-b6dd-68daa289b104,Mozilla/5.0 (Windows NT 10.0; Win64; x64) Chrome/141.0
2026-08-27 13:00:00,GET,/health,200,8,,python-httpx/0.28.1
2026-08-27 13:02:00,GET,/me/conversations,200,70,7c1e9b02-44da-4f0e-9a31-8ad5c6f21b90,Mozilla/5.0 (Windows NT 10.0; Win64; x64) Chrome/141.0
2026-08-27 13:05:00,GET,/health,200,9,,python-httpx/0.28.1
2026-08-27 13:06:00,GET,/me,200,61,5e90694f-0aca-43e6-b6dd-68daa289b104,Mozilla/5.0 (Windows NT 10.0; Win64; x64) Chrome/141.0
2026-08-27 13:10:00,GET,/health,200,3,,python-httpx/0.28.1
2026-08-27 13:11:00,GET,/conversations/92276658-1e27-41c0-8a6a-63ec24ede6a4/messages,200,82,7c1e9b02-44da-4f0e-9a31-8ad5c6f21b90,Mozilla/5.0 (Windows NT 10.0; Win64; x64) Chrome/141.0
2026-08-27 13:12:00,GET,/me,200,25,a92f4d18-6b77-4c55-9e02-1f3b7c8d4e6a,Mozilla/5.0 (Windows NT 10.0; Win64; x64) Chrome/141.0
2026-08-27 13:15:00,GET,/health,200,6,,python-httpx/0.28.1
2026-08-27 13:17:00,GET,/me/conversations,200,44,5e90694f-0aca-43e6-b6dd-68daa289b104,Mozilla/5.0 (Windows NT 10.0; Win64; x64) Chrome/141.0
2026-08-27 13:19:00,POST,/conversations,200,184,7c1e9b02-44da-4f0e-9a31-8ad5c6f21b90,Mozilla/5.0 (Windows NT 10.0; Win64; x64) Chrome/141.0
2026-08-27 13:20:00,GET,/health,200,4,,python-httpx/0.28.1
2026-08-27 13:24:00,GET,/me,200,19,,Mozilla/5.0 (Windows NT 10.0; Win64; x64) Chrome/141.0
2026-08-27 13:25:00,GET,/health,200,8,,python-httpx/0.28.1
2026-08-27 13:27:00,GET,/me/conversations,200,84,7c1e9b02-44da-4f0e-9a31-8ad5c6f21b90,Mozilla/5.0 (Windows NT 10.0; Win64; x64) Chrome/141.0
2026-08-27 13:30:00,GET,/health,200,4,,python-httpx/0.28.1
2026-08-27 13:31:00,GET,/me/conversations,200,,5e90694f-0aca-43e6-b6dd-68daa289b104,Mozilla/5.0 (Windows NT 10.0; Win64; x64) Chrome/141.0
2026-08-27 13:35:00,GET,/health,200,5,,python-httpx/0.28.1
2026-08-27 13:37:00,GET,/me/conversations,200,52,3fa85f64-5717-4562-b3fc-2c963f66afa6,Mozilla/5.0 (Windows NT 10.0; Win64; x64) Chrome/141.0
2026-08-27 13:40:00,GET,/health,200,3,,python-httpx/0.28.1
2026-08-27 13:40:00,GET,/me,200,35,7c1e9b02-44da-4f0e-9a31-8ad5c6f21b90,Mozilla/5.0 (Windows NT 10.0; Win64; x64) Chrome/141.0
2026-08-27 13:42:00,POST,/conversations/18f135d2-5f55-4203-b018-50c5a38fd547/messages,200,110,3fa85f64-5717-4562-b3fc-2c963f66afa6,Mozilla/5.0 (Windows NT 10.0; Win64; x64) Chrome/141.0
2026-08-27 13:45:00,GET,/health,200,7,,python-httpx/0.28.1
2026-08-27 13:46:00,POST,/conversations,200,185,a92f4d18-6b77-4c55-9e02-1f3b7c8d4e6a,Mozilla/5.0 (Windows NT 10.0; Win64; x64) Chrome/141.0
2026-08-27 13:49:00,POST,/conversations/5790f82e-c1d3-4cff-aa3a-f4d46b0a18e8/messages,200,262,a92f4d18-6b77-4c55-9e02-1f3b7c8d4e6a,Mozilla/5.0 (Windows NT 10.0; Win64; x64) Chrome/141.0
2026-08-27 13:50:00,GET,/health,200,9,,python-httpx/0.28.1
2026-08-27 13:52:00,POST,/conversations/c6f87718-6d76-407e-881e-d162ae2eb154/messages,200,143,a92f4d18-6b77-4c55-9e02-1f3b7c8d4e6a,Mozilla/5.0 (Windows NT 10.0; Win64; x64) Chrome/141.0
2026-08-27 13:55:00,GET,/health,200,5,,python-httpx/0.28.1
2026-08-27 13:56:00,GET,/me/conversations,200,37,7c1e9b02-44da-4f0e-9a31-8ad5c6f21b90,Mozilla/5.0 (Windows NT 10.0; Win64; x64) Chrome/141.0
2026-08-27 14:01:00,GET,/me,200,25,7c1e9b02-44da-4f0e-9a31-8ad5c6f21b90,Mozilla/5.0 (Windows NT 10.0; Win64; x64) Chrome/141.0
2026-08-27 14:06:00,POST,/conversations,404,144,,Mozilla/5.0 (Windows NT 10.0; Win64; x64) Chrome/141.0
2026-08-27 14:11:00,GET,/me/conversations,200,71,7c1e9b02-44da-4f0e-9a31-8ad5c6f21b90,Mozilla/5.0 (Windows NT 10.0; Win64; x64) Chrome/141.0
2026-08-27 14:12:00,GET,/me/conversations,200,60,a92f4d18-6b77-4c55-9e02-1f3b7c8d4e6a,Mozilla/5.0 (Windows NT 10.0; Win64; x64) Chrome/141.0
2026-08-27 14:14:00,GET,/me,200,44,a92f4d18-6b77-4c55-9e02-1f3b7c8d4e6a,Mozilla/5.0 (Windows NT 10.0; Win64; x64) Chrome/141.0
2026-08-27 14:19:00,POST,/conversations,200,29,a92f4d18-6b77-4c55-9e02-1f3b7c8d4e6a,Mozilla/5.0 (Windows NT 10.0; Win64; x64) Chrome/141.0
2026-08-27 14:24:00,POST,/conversations/6513270e-269e-4d37-b2a7-4de452e6b438/messages,200,105,7c1e9b02-44da-4f0e-9a31-8ad5c6f21b90,Mozilla/5.0 (Windows NT 10.0; Win64; x64) Chrome/141.0
2026-08-27 14:27:00,GET,/conversations/c7a2ea20-b2f1-4c94-ae05-319acb5c7427/messages,200,59,5e90694f-0aca-43e6-b6dd-68daa289b104,Mozilla/5.0 (Windows NT 10.0; Win64; x64) Chrome/141.0
2026-08-27 14:32:00,GET,/me/conversations,200,19,3fa85f64-5717-4562-b3fc-2c963f66afa6,Mozilla/5.0 (Windows NT 10.0; Win64; x64) Chrome/141.0
2026-08-27 14:36:00,GET,/me/conversations,200,58,3fa85f64-5717-4562-b3fc-2c963f66afa6,Mozilla/5.0 (Windows NT 10.0; Win64; x64) Chrome/141.0
2026-08-27 14:37:00,GET,/conversations/0fd630f1-f29d-4da9-953f-48f1a09f76b5/messages,200,116,5e90694f-0aca-43e6-b6dd-68daa289b104,Mozilla/5.0 (Windows NT 10.0; Win64; x64) Chrome/141.0
2026-08-27 14:39:00,GET,/me/conversations,200,32,7c1e9b02-44da-4f0e-9a31-8ad5c6f21b90,Mozilla/5.0 (Windows NT 10.0; Win64; x64) Chrome/141.0
2026-08-27 14:42:00,GET,/me/conversations,404,39,5e90694f-0aca-43e6-b6dd-68daa289b104,Mozilla/5.0 (Windows NT 10.0; Win64; x64) Chrome/141.0
2026-08-27 14:44:00,POST,/conversations/907a70c3-1012-4037-b64c-e4228c38fb29/messages,200,128,7c1e9b02-44da-4f0e-9a31-8ad5c6f21b90,Mozilla/5.0 (Windows NT 10.0; Win64; x64) Chrome/141.0
2026-08-27 14:47:00,GET,/me/conversations,200,72,7c1e9b02-44da-4f0e-9a31-8ad5c6f21b90,Mozilla/5.0 (Windows NT 10.0; Win64; x64) Chrome/141.0
2026-08-27 14:51:00,POST,/conversations,200,134,a92f4d18-6b77-4c55-9e02-1f3b7c8d4e6a,Mozilla/5.0 (Windows NT 10.0; Win64; x64) Chrome/141.0
2026-08-27 14:52:00,POST,/conversations,200,122,,Mozilla/5.0 (Windows NT 10.0; Win64; x64) Chrome/141.0
2026-08-27 14:56:00,GET,/me/conversations,200,93,a92f4d18-6b77-4c55-9e02-1f3b7c8d4e6a,Mozilla/5.0 (Windows NT 10.0; Win64; x64) Chrome/141.0
2026-08-27 14:58:00,GET,/me/conversations,200,77,3fa85f64-5717-4562-b3fc-2c963f66afa6,Mozilla/5.0 (Windows NT 10.0; Win64; x64) Chrome/141.0
2026-08-27 15:00:00,POST,/conversations/5790f82e-c1d3-4cff-aa3a-f4d46b0a18e8/messages,200,271,5e90694f-0aca-43e6-b6dd-68daa289b104,Mozilla/5.0 (Windows NT 10.0; Win64; x64) Chrome/141.0
2026-08-27 15:05:00,GET,/me/conversations,200,83,3fa85f64-5717-4562-b3fc-2c963f66afa6,Mozilla/5.0 (Windows NT 10.0; Win64; x64) Chrome/141.0
2026-08-27 15:11:00,GET,/conversations/9531985d-5d9d-49f8-9818-e811892f902b/messages,404,65,3fa85f64-5717-4562-b3fc-2c963f66afa6,Mozilla/5.0 (Windows NT 10.0; Win64; x64) Chrome/141.0
2026-08-27 15:13:00,GET,/me,200,19,5e90694f-0aca-43e6-b6dd-68daa289b104,Mozilla/5.0 (Windows NT 10.0; Win64; x64) Chrome/141.0
2026-08-27 15:14:00,GET,/conversations/830e07bc-1e39-4f10-92bd-4acefaecbd38/messages,200,79,a92f4d18-6b77-4c55-9e02-1f3b7c8d4e6a,Mozilla/5.0 (Windows NT 10.0; Win64; x64) Chrome/141.0
2026-08-27 15:17:00,GET,/conversations/c6f87718-6d76-407e-881e-d162ae2eb154/messages,200,63,3fa85f64-5717-4562-b3fc-2c963f66afa6,Mozilla/5.0 (Windows NT 10.0; Win64; x64) Chrome/141.0
2026-08-27 15:40:00,GET,/me/conversations,200,58,,python-httpx/0.28.1
2026-08-27 15:41:00,GET,/me/conversations,200,38,,python-httpx/0.28.1
2026-08-27 15:42:00,GET,/me/conversations,200,55,,python-httpx/0.28.1
2026-08-27 15:43:00,GET,/me/conversations,200,69,,python-httpx/0.28.1
2026-08-27 15:44:00,GET,/me/conversations,200,69,,python-httpx/0.28.1
2026-08-27 15:45:00,GET,/me/conversations,200,31,,python-httpx/0.28.1
2026-08-27 15:46:00,GET,/me/conversations,200,32,,python-httpx/0.28.1
2026-08-27 15:47:00,GET,/me/conversations,200,29,,python-httpx/0.28.1
2026-08-27 15:48:00,GET,/me/conversations,200,62,,python-httpx/0.28.1
2026-08-27 15:49:00,GET,/me/conversations,200,64,,python-httpx/0.28.1
2026-08-27 15:50:00,GET,/me/conversations,200,52,,python-httpx/0.28.1
2026-08-27 15:51:00,GET,/me/conversations,200,60,,python-httpx/0.28.1
2026-08-27 15:52:00,GET,/me/conversations,200,59,,python-httpx/0.28.1
2026-08-27 15:53:00,GET,/me/conversations,200,21,,python-httpx/0.28.1
2026-08-27 15:54:00,GET,/me/conversations,200,51,,python-httpx/0.28.1
2026-08-27 15:55:00,GET,/me/conversations,200,49,,python-httpx/0.28.1
2026-08-27 15:56:00,GET,/me/conversations,200,68,,python-httpx/0.28.1
2026-08-27 15:57:00,GET,/me/conversations,200,42,,python-httpx/0.28.1
2026-08-27 15:58:00,GET,/me/conversations,200,45,,python-httpx/0.28.1
2026-08-27 15:59:00,GET,/me/conversations,200,40,,python-httpx/0.28.1
2026-08-27 16:00:00,GET,/me/conversations,200,65,,python-httpx/0.28.1
2026-08-27 16:01:00,GET,/me/conversations,200,22,,python-httpx/0.28.1
2026-08-27 16:02:00,GET,/me/conversations,200,65,,python-httpx/0.28.1
2026-08-27 16:03:00,GET,/me/conversations,200,28,,python-httpx/0.28.1
2026-08-27 16:04:00,GET,/me/conversations,200,60,,python-httpx/0.28.1
2026-08-27 16:05:00,GET,/me/conversations,200,56,,python-httpx/0.28.1
2026-08-27 16:06:00,GET,/me/conversations,200,60,,python-httpx/0.28.1
2026-08-27 16:07:00,GET,/me/conversations,200,36,,python-httpx/0.28.1
2026-08-27 16:08:00,GET,/me/conversations,200,22,,python-httpx/0.28.1
2026-08-27 16:09:00,GET,/me/conversations,200,58,,python-httpx/0.28.1
2026-08-27 16:10:00,GET,/me/conversations,200,57,,python-httpx/0.28.1
2026-08-27 16:11:00,GET,/me/conversations,200,47,,python-httpx/0.28.1
2026-08-27 16:12:00,GET,/me/conversations,200,62,,python-httpx/0.28.1
2026-08-27 16:13:00,GET,/me/conversations,200,54,,python-httpx/0.28.1
2026-08-27 16:14:00,GET,/me/conversations,200,60,,python-httpx/0.28.1
2026-08-27 16:15:00,GET,/me/conversations,200,32,,python-httpx/0.28.1
2026-08-27 16:16:00,GET,/me/conversations,200,41,,python-httpx/0.28.1
2026-08-27 16:17:00,GET,/me/conversations,200,31,,python-httpx/0.28.1
2026-08-27 16:18:00,GET,/me/conversations,200,35,,python-httpx/0.28.1
2026-08-27 16:19:00,GET,/me/conversations,200,63,,python-httpx/0.28.1
2026-08-28 09:00:00,GET,/health,200,2,,python-httpx/0.28.1
2026-08-28 09:05:00,GET,/conversations/4cdd2055-930d-4eaf-94f4-733f3e7d1bfb/messages,200,116,,Mozilla/5.0 (Windows NT 10.0; Win64; x64) Chrome/141.0
2026-08-28 09:05:00,GET,/health,200,7,,python-httpx/0.28.1
2026-08-28 09:07:00,GET,/conversations/7e62aa0a-1df9-4d78-9c65-39382b0537e6/messages,200,80,3fa85f64-5717-4562-b3fc-2c963f66afa6,Mozilla/5.0 (Windows NT 10.0; Win64; x64) Chrome/141.0
2026-08-28 09:10:00,GET,/health,200,6,,python-httpx/0.28.1
2026-08-28 09:10:00,GET,/me/conversations,200,,3fa85f64-5717-4562-b3fc-2c963f66afa6,Mozilla/5.0 (Windows NT 10.0; Win64; x64) Chrome/141.0
2026-08-28 09:14:00,GET,/me/conversations,200,77,7c1e9b02-44da-4f0e-9a31-8ad5c6f21b90,Mozilla/5.0 (Windows NT 10.0; Win64; x64) Chrome/141.0
2026-08-28 09:15:00,GET,/health,200,5,,python-httpx/0.28.1
2026-08-28 09:19:00,GET,/conversations/18f135d2-5f55-4203-b018-50c5a38fd547/messages,200,79,a92f4d18-6b77-4c55-9e02-1f3b7c8d4e6a,Mozilla/5.0 (Windows NT 10.0; Win64; x64) Chrome/141.0
2026-08-28 09:20:00,GET,/health,200,5,,python-httpx/0.28.1
2026-08-28 09:24:00,GET,/me,200,50,,Mozilla/5.0 (Windows NT 10.0; Win64; x64) Chrome/141.0
2026-08-28 09:25:00,GET,/health,200,5,,python-httpx/0.28.1
2026-08-28 09:28:00,GET,/me,200,45,a92f4d18-6b77-4c55-9e02-1f3b7c8d4e6a,Mozilla/5.0 (Windows NT 10.0; Win64; x64) Chrome/141.0
2026-08-28 09:30:00,GET,/health,200,8,,python-httpx/0.28.1
2026-08-28 09:31:00,GET,/me/conversations,200,44,a92f4d18-6b77-4c55-9e02-1f3b7c8d4e6a,Mozilla/5.0 (Windows NT 10.0; Win64; x64) Chrome/141.0
2026-08-28 09:34:00,GET,/me/conversations,200,79,3fa85f64-5717-4562-b3fc-2c963f66afa6,Mozilla/5.0 (Windows NT 10.0; Win64; x64) Chrome/141.0
2026-08-28 09:35:00,GET,/health,200,9,,python-httpx/0.28.1
2026-08-28 09:39:00,GET,/me/conversations,200,71,,Mozilla/5.0 (Windows NT 10.0; Win64; x64) Chrome/141.0
2026-08-28 09:40:00,GET,/health,200,9,,python-httpx/0.28.1
2026-08-28 09:41:00,GET,/conversations/907a70c3-1012-4037-b64c-e4228c38fb29/messages,200,110,7c1e9b02-44da-4f0e-9a31-8ad5c6f21b90,Mozilla/5.0 (Windows NT 10.0; Win64; x64) Chrome/141.0
2026-08-28 09:44:00,GET,/me/conversations,200,8,3fa85f64-5717-4562-b3fc-2c963f66afa6,Mozilla/5.0 (Windows NT 10.0; Win64; x64) Chrome/141.0
2026-08-28 09:45:00,GET,/health,200,3,,python-httpx/0.28.1
2026-08-28 09:49:00,POST,/conversations/923a7369-94e3-4f91-9a61-dbe22e44158b/messages,200,84,a92f4d18-6b77-4c55-9e02-1f3b7c8d4e6a,Mozilla/5.0 (Windows NT 10.0; Win64; x64) Chrome/141.0
2026-08-28 09:50:00,GET,/health,200,9,,python-httpx/0.28.1
2026-08-28 09:53:00,POST,/conversations/49952399-c4aa-4ac1-b7dc-76fb0f17a300/messages,200,188,a92f4d18-6b77-4c55-9e02-1f3b7c8d4e6a,Mozilla/5.0 (Windows NT 10.0; Win64; x64) Chrome/141.0
2026-08-28 09:55:00,GET,/health,200,7,,python-httpx/0.28.1
2026-08-28 09:57:00,GET,/me/conversations,200,68,5e90694f-0aca-43e6-b6dd-68daa289b104,Mozilla/5.0 (Windows NT 10.0; Win64; x64) Chrome/141.0
2026-08-28 09:59:00,GET,/me,404,46,,Mozilla/5.0 (Windows NT 10.0; Win64; x64) Chrome/141.0
2026-08-28 10:00:00,GET,/health,200,2,,python-httpx/0.28.1
2026-08-28 10:04:00,GET,/conversations/57124242-5051-41cc-917f-9acae01f5057/messages,200,116,a92f4d18-6b77-4c55-9e02-1f3b7c8d4e6a,Mozilla/5.0 (Windows NT 10.0; Win64; x64) Chrome/141.0
2026-08-28 10:05:00,GET,/health,200,7,,python-httpx/0.28.1
2026-08-28 10:07:00,GET,/me/conversations,200,51,a92f4d18-6b77-4c55-9e02-1f3b7c8d4e6a,Mozilla/5.0 (Windows NT 10.0; Win64; x64) Chrome/141.0
2026-08-28 10:07:00,GET,/me/conversations,200,51,a92f4d18-6b77-4c55-9e02-1f3b7c8d4e6a,Mozilla/5.0 (Windows NT 10.0; Win64; x64) Chrome/141.0
2026-08-28 10:08:00,GET,/conversations/6513270e-269e-4d37-b2a7-4de452e6b438/messages,200,73,5e90694f-0aca-43e6-b6dd-68daa289b104,Mozilla/5.0 (Windows NT 10.0; Win64; x64) Chrome/141.0
2026-08-28 10:08:00,GET,/conversations/6513270e-269e-4d37-b2a7-4de452e6b438/messages,200,73,5e90694f-0aca-43e6-b6dd-68daa289b104,Mozilla/5.0 (Windows NT 10.0; Win64; x64) Chrome/141.0
2026-08-28 10:10:00,GET,/health,200,9,,python-httpx/0.28.1
2026-08-28 10:14:00,GET,/conversations/c7a2ea20-b2f1-4c94-ae05-319acb5c7427/messages,200,58,7c1e9b02-44da-4f0e-9a31-8ad5c6f21b90,Mozilla/5.0 (Windows NT 10.0; Win64; x64) Chrome/141.0
2026-08-28 10:15:00,GET,/health,200,4,,python-httpx/0.28.1
2026-08-28 10:20:00,GET,/me/conversations,200,36,5e90694f-0aca-43e6-b6dd-68daa289b104,Mozilla/5.0 (Windows NT 10.0; Win64; x64) Chrome/141.0
2026-08-28 10:20:00,GET,/health,200,2,,python-httpx/0.28.1
2026-08-28 10:25:00,GET,/me/conversations,200,48,3fa85f64-5717-4562-b3fc-2c963f66afa6,Mozilla/5.0 (Windows NT 10.0; Win64; x64) Chrome/141.0
2026-08-28 10:25:00,GET,/health,200,7,,python-httpx/0.28.1
2026-08-28 10:27:00,GET,/me/conversations,500,224,7c1e9b02-44da-4f0e-9a31-8ad5c6f21b90,Mozilla/5.0 (Windows NT 10.0; Win64; x64) Chrome/141.0
2026-08-28 10:29:00,POST,/conversations/5affb229-7631-4992-b0ce-583505c6af07/messages,200,,7c1e9b02-44da-4f0e-9a31-8ad5c6f21b90,Mozilla/5.0 (Windows NT 10.0; Win64; x64) Chrome/141.0
2026-08-28 10:30:00,GET,/health,200,4,,python-httpx/0.28.1
2026-08-28 10:34:00,GET,/conversations/13deef86-ab10-41d0-b646-e1f40a097c97/messages,200,145,5e90694f-0aca-43e6-b6dd-68daa289b104,Mozilla/5.0 (Windows NT 10.0; Win64; x64) Chrome/141.0
2026-08-28 10:35:00,GET,/health,200,5,,python-httpx/0.28.1
2026-08-28 10:39:00,GET,/me/conversations,200,33,a92f4d18-6b77-4c55-9e02-1f3b7c8d4e6a,Mozilla/5.0 (Windows NT 10.0; Win64; x64) Chrome/141.0
2026-08-28 10:40:00,GET,/health,200,8,,python-httpx/0.28.1
2026-08-28 10:44:00,POST,/conversations,200,179,,Mozilla/5.0 (Windows NT 10.0; Win64; x64) Chrome/141.0
2026-08-28 10:45:00,GET,/health,200,4,,python-httpx/0.28.1
2026-08-28 10:50:00,GET,/me/conversations,200,32,,Mozilla/5.0 (Windows NT 10.0; Win64; x64) Chrome/141.0
2026-08-28 10:50:00,GET,/health,200,5,,python-httpx/0.28.1
2026-08-28 10:55:00,GET,/me/conversations,200,73,,Mozilla/5.0 (Windows NT 10.0; Win64; x64) Chrome/141.0
2026-08-28 10:55:00,GET,/health,200,7,,python-httpx/0.28.1
2026-08-28 10:58:00,POST,/conversations/ae658f33-fe3b-490b-93f4-48b3a5aa3c81/messages,200,100,3fa85f64-5717-4562-b3fc-2c963f66afa6,Mozilla/5.0 (Windows NT 10.0; Win64; x64) Chrome/141.0
2026-08-28 11:00:00,POST,/conversations/6b0d549b-6f03-475a-9600-a35a099950d8/messages,200,134,3fa85f64-5717-4562-b3fc-2c963f66afa6,Mozilla/5.0 (Windows NT 10.0; Win64; x64) Chrome/141.0
2026-08-28 11:00:00,GET,/health,200,8,,python-httpx/0.28.1
2026-08-28 11:05:00,GET,/health,200,3,,python-httpx/0.28.1
2026-08-28 11:05:00,POST,/conversations,200,155,7c1e9b02-44da-4f0e-9a31-8ad5c6f21b90,Mozilla/5.0 (Windows NT 10.0; Win64; x64) Chrome/141.0
2026-08-28 11:07:00,GET,/conversations/6b4cb242-4a23-4596-a217-beaddbc496cb/messages,200,59,7c1e9b02-44da-4f0e-9a31-8ad5c6f21b90,Mozilla/5.0 (Windows NT 10.0; Win64; x64) Chrome/141.0
2026-08-28 11:07:00,GET,/conversations/6b4cb242-4a23-4596-a217-beaddbc496cb/messages,200,59,7c1e9b02-44da-4f0e-9a31-8ad5c6f21b90,Mozilla/5.0 (Windows NT 10.0; Win64; x64) Chrome/141.0
2026-08-28 11:10:00,GET,/health,200,4,,python-httpx/0.28.1
2026-08-28 11:13:00,GET,/conversations/ca02135e-92b1-43f2-8ede-0d7ac3baea9e/messages,200,138,a92f4d18-6b77-4c55-9e02-1f3b7c8d4e6a,Mozilla/5.0 (Windows NT 10.0; Win64; x64) Chrome/141.0
2026-08-28 11:15:00,GET,/health,200,2,,python-httpx/0.28.1
2026-08-28 11:18:00,GET,/me/conversations,200,36,5e90694f-0aca-43e6-b6dd-68daa289b104,Mozilla/5.0 (Windows NT 10.0; Win64; x64) Chrome/141.0
2026-08-28 11:20:00,GET,/health,200,4,,python-httpx/0.28.1
2026-08-28 11:23:00,GET,/me/conversations,200,57,3fa85f64-5717-4562-b3fc-2c963f66afa6,Mozilla/5.0 (Windows NT 10.0; Win64; x64) Chrome/141.0
2026-08-28 11:25:00,GET,/health,200,3,,python-httpx/0.28.1
2026-08-28 11:27:00,GET,/conversations/6513270e-269e-4d37-b2a7-4de452e6b438/messages,200,123,3fa85f64-5717-4562-b3fc-2c963f66afa6,Mozilla/5.0 (Windows NT 10.0; Win64; x64) Chrome/141.0
2026-08-28 11:30:00,GET,/health,200,8,,python-httpx/0.28.1
2026-08-28 11:31:00,GET,/me,200,68,7c1e9b02-44da-4f0e-9a31-8ad5c6f21b90,Mozilla/5.0 (Windows NT 10.0; Win64; x64) Chrome/141.0
2026-08-28 11:32:00,GET,/me,200,59,3fa85f64-5717-4562-b3fc-2c963f66afa6,Mozilla/5.0 (Windows NT 10.0; Win64; x64) Chrome/141.0
2026-08-28 11:33:00,GET,/me,200,37,a92f4d18-6b77-4c55-9e02-1f3b7c8d4e6a,Mozilla/5.0 (Windows NT 10.0; Win64; x64) Chrome/141.0
2026-08-28 11:35:00,GET,/health,200,4,,python-httpx/0.28.1
2026-08-28 11:39:00,GET,/me/conversations,200,108,7c1e9b02-44da-4f0e-9a31-8ad5c6f21b90,Mozilla/5.0 (Windows NT 10.0; Win64; x64) Chrome/141.0
2026-08-28 11:40:00,GET,/health,200,6,,python-httpx/0.28.1
2026-08-28 11:41:00,GET,/me/conversations,404,39,5e90694f-0aca-43e6-b6dd-68daa289b104,Mozilla/5.0 (Windows NT 10.0; Win64; x64) Chrome/141.0
2026-08-28 11:43:00,GET,/me/conversations,200,92,3fa85f64-5717-4562-b3fc-2c963f66afa6,Mozilla/5.0 (Windows NT 10.0; Win64; x64) Chrome/141.0
2026-08-28 11:45:00,GET,/health,200,5,,python-httpx/0.28.1
2026-08-28 11:46:00,GET,/me/conversations,200,72,a92f4d18-6b77-4c55-9e02-1f3b7c8d4e6a,Mozilla/5.0 (Windows NT 10.0; Win64; x64) Chrome/141.0
2026-08-28 11:50:00,POST,/conversations,404,126,5e90694f-0aca-43e6-b6dd-68daa289b104,Mozilla/5.0 (Windows NT 10.0; Win64; x64) Chrome/141.0
2026-08-28 11:50:00,GET,/health,200,4,,python-httpx/0.28.1
2026-08-28 11:55:00,GET,/health,200,6,,python-httpx/0.28.1
2026-08-28 11:56:00,POST,/conversations/a170b338-3926-4059-b28c-105d1fb17c23/messages,200,86,3fa85f64-5717-4562-b3fc-2c963f66afa6,Mozilla/5.0 (Windows NT 10.0; Win64; x64) Chrome/141.0
2026-08-28 12:00:00,GET,/health,200,4,,python-httpx/0.28.1
2026-08-28 12:01:00,GET,/me/conversations,200,53,5e90694f-0aca-43e6-b6dd-68daa289b104,Mozilla/5.0 (Windows NT 10.0; Win64; x64) Chrome/141.0
2026-08-28 12:04:00,GET,/conversations/d23f0824-128b-4f33-8c5c-7fd0a6a3a450/messages,200,82,a92f4d18-6b77-4c55-9e02-1f3b7c8d4e6a,Mozilla/5.0 (Windows NT 10.0; Win64; x64) Chrome/141.0
2026-08-28 12:05:00,GET,/health,200,4,,python-httpx/0.28.1
2026-08-28 12:09:00,GET,/conversations/0cb1e29c-658c-4a14-95e6-0af593bd04cf/messages,200,60,a92f4d18-6b77-4c55-9e02-1f3b7c8d4e6a,Mozilla/5.0 (Windows NT 10.0; Win64; x64) Chrome/141.0
2026-08-28 12:10:00,GET,/health,200,4,,python-httpx/0.28.1
2026-08-28 12:12:00,GET,/me/conversations,200,34,5e90694f-0aca-43e6-b6dd-68daa289b104,Mozilla/5.0 (Windows NT 10.0; Win64; x64) Chrome/141.0
2026-08-28 12:13:00,GET,/conversations/6513270e-269e-4d37-b2a7-4de452e6b438/messages,200,137,7c1e9b02-44da-4f0e-9a31-8ad5c6f21b90,Mozilla/5.0 (Windows NT 10.0; Win64; x64) Chrome/141.0
2026-08-28 12:15:00,GET,/health,200,6,,python-httpx/0.28.1
2026-08-28 12:17:00,GET,/conversations/6b0d549b-6f03-475a-9600-a35a099950d8/messages,200,110,5e90694f-0aca-43e6-b6dd-68daa289b104,Mozilla/5.0 (Windows NT 10.0; Win64; x64) Chrome/141.0
2026-08-28 12:20:00,GET,/health,200,6,,python-httpx/0.28.1
2026-08-28 12:23:00,GET,/conversations/58d5563d-ab2c-431e-a315-128862c33a4f/messages,200,71,,Mozilla/5.0 (Windows NT 10.0; Win64; x64) Chrome/141.0
2026-08-28 12:25:00,GET,/health,200,5,,python-httpx/0.28.1
2026-08-28 12:29:00,POST,/conversations/ae97ba94-d0ed-482f-8f6d-05584ef8aa38/messages,200,286,3fa85f64-5717-4562-b3fc-2c963f66afa6,Mozilla/5.0 (Windows NT 10.0; Win64; x64) Chrome/141.0
2026-08-28 12:30:00,GET,/health,200,3,,python-httpx/0.28.1
2026-08-28 12:34:00,GET,/conversations/5affb229-7631-4992-b0ce-583505c6af07/messages,200,86,5e90694f-0aca-43e6-b6dd-68daa289b104,Mozilla/5.0 (Windows NT 10.0; Win64; x64) Chrome/141.0
2026-08-28 12:35:00,GET,/health,200,4,,python-httpx/0.28.1
2026-08-28 12:39:00,GET,/conversations/65dc9f50-3f63-4f83-bd05-61e6211c70cf/messages,200,117,3fa85f64-5717-4562-b3fc-2c963f66afa6,Mozilla/5.0 (Windows NT 10.0; Win64; x64) Chrome/141.0
2026-08-28 12:40:00,GET,/health,200,6,,python-httpx/0.28.1
2026-08-28 12:43:00,POST,/conversations,200,171,7c1e9b02-44da-4f0e-9a31-8ad5c6f21b90,Mozilla/5.0 (Windows NT 10.0; Win64; x64) Chrome/141.0
2026-08-28 12:43:00,POST,/conversations,200,171,7c1e9b02-44da-4f0e-9a31-8ad5c6f21b90,Mozilla/5.0 (Windows NT 10.0; Win64; x64) Chrome/141.0
2026-08-28 12:45:00,GET,/health,200,4,,python-httpx/0.28.1
2026-08-28 12:45:00,POST,/conversations,404,89,,Mozilla/5.0 (Windows NT 10.0; Win64; x64) Chrome/141.0
2026-08-28 12:47:00,POST,/conversations,200,184,7c1e9b02-44da-4f0e-9a31-8ad5c6f21b90,Mozilla/5.0 (Windows NT 10.0; Win64; x64) Chrome/141.0
2026-08-28 12:50:00,GET,/health,200,2,,python-httpx/0.28.1
2026-08-28 12:53:00,POST,/conversations,200,150,7c1e9b02-44da-4f0e-9a31-8ad5c6f21b90,Mozilla/5.0 (Windows NT 10.0; Win64; x64) Chrome/141.0
2026-08-28 12:55:00,GET,/health,200,7,,python-httpx/0.28.1
2026-08-28 12:55:00,POST,/conversations/0cb1e29c-658c-4a14-95e6-0af593bd04cf/messages,200,190,3fa85f64-5717-4562-b3fc-2c963f66afa6,Mozilla/5.0 (Windows NT 10.0; Win64; x64) Chrome/141.0
2026-08-28 12:56:00,GET,/conversations/8e81973e-0bec-47b0-b898-d190f9ebdacc/messages,200,125,7c1e9b02-44da-4f0e-9a31-8ad5c6f21b90,Mozilla/5.0 (Windows NT 10.0; Win64; x64) Chrome/141.0
2026-08-28 13:00:00,GET,/health,200,7,,python-httpx/0.28.1
2026-08-28 13:01:00,GET,/me/conversations,200,28,,Mozilla/5.0 (Windows NT 10.0; Win64; x64) Chrome/141.0
2026-08-28 13:05:00,GET,/health,200,2,,python-httpx/0.28.1
2026-08-28 13:07:00,GET,/me/conversations,200,73,7c1e9b02-44da-4f0e-9a31-8ad5c6f21b90,Mozilla/5.0 (Windows NT 10.0; Win64; x64) Chrome/141.0
2026-08-28 13:10:00,GET,/health,200,7,,python-httpx/0.28.1
2026-08-28 13:10:00,POST,/conversations,200,138,,Mozilla/5.0 (Windows NT 10.0; Win64; x64) Chrome/141.0
2026-08-28 13:14:00,GET,/me,200,43,a92f4d18-6b77-4c55-9e02-1f3b7c8d4e6a,Mozilla/5.0 (Windows NT 10.0; Win64; x64) Chrome/141.0
2026-08-28 13:14:00,GET,/me,200,43,a92f4d18-6b77-4c55-9e02-1f3b7c8d4e6a,Mozilla/5.0 (Windows NT 10.0; Win64; x64) Chrome/141.0
2026-08-28 13:15:00,GET,/health,200,5,,python-httpx/0.28.1
2026-08-28 13:18:00,GET,/me,200,52,7c1e9b02-44da-4f0e-9a31-8ad5c6f21b90,Mozilla/5.0 (Windows NT 10.0; Win64; x64) Chrome/141.0
2026-08-28 13:20:00,GET,/health,200,9,,python-httpx/0.28.1
2026-08-28 13:21:00,GET,/me/conversations,200,48,,Mozilla/5.0 (Windows NT 10.0; Win64; x64) Chrome/141.0
2026-08-28 13:24:00,GET,/me/conversations,200,101,7c1e9b02-44da-4f0e-9a31-8ad5c6f21b90,Mozilla/5.0 (Windows NT 10.0; Win64; x64) Chrome/141.0
2026-08-28 13:25:00,GET,/health,200,5,,python-httpx/0.28.1
2026-08-28 13:28:00,GET,/me/conversations,200,57,a92f4d18-6b77-4c55-9e02-1f3b7c8d4e6a,Mozilla/5.0 (Windows NT 10.0; Win64; x64) Chrome/141.0
2026-08-28 13:30:00,GET,/health,200,8,,python-httpx/0.28.1
2026-08-28 13:34:00,POST,/conversations,200,142,7c1e9b02-44da-4f0e-9a31-8ad5c6f21b90,Mozilla/5.0 (Windows NT 10.0; Win64; x64) Chrome/141.0
2026-08-28 13:35:00,GET,/health,200,7,,python-httpx/0.28.1
2026-08-28 13:38:00,GET,/conversations/907a70c3-1012-4037-b64c-e4228c38fb29/messages,200,53,a92f4d18-6b77-4c55-9e02-1f3b7c8d4e6a,Mozilla/5.0 (Windows NT 10.0; Win64; x64) Chrome/141.0
2026-08-28 13:40:00,GET,/health,200,6,,python-httpx/0.28.1
2026-08-28 13:44:00,GET,/me,200,17,7c1e9b02-44da-4f0e-9a31-8ad5c6f21b90,Mozilla/5.0 (Windows NT 10.0; Win64; x64) Chrome/141.0
2026-08-28 13:45:00,GET,/me/conversations,200,72,a92f4d18-6b77-4c55-9e02-1f3b7c8d4e6a,Mozilla/5.0 (Windows NT 10.0; Win64; x64) Chrome/141.0
2026-08-28 13:45:00,GET,/health,200,3,,python-httpx/0.28.1
2026-08-28 13:48:00,GET,/conversations/a170b338-3926-4059-b28c-105d1fb17c23/messages,200,108,a92f4d18-6b77-4c55-9e02-1f3b7c8d4e6a,Mozilla/5.0 (Windows NT 10.0; Win64; x64) Chrome/141.0
2026-08-28 13:50:00,GET,/health,200,6,,python-httpx/0.28.1
2026-08-28 13:50:00,GET,/me/conversations,200,58,3fa85f64-5717-4562-b3fc-2c963f66afa6,Mozilla/5.0 (Windows NT 10.0; Win64; x64) Chrome/141.0
2026-08-28 13:52:00,GET,/me/conversations,200,36,a92f4d18-6b77-4c55-9e02-1f3b7c8d4e6a,Mozilla/5.0 (Windows NT 10.0; Win64; x64) Chrome/141.0
2026-08-28 13:54:00,GET,/me/conversations,200,79,3fa85f64-5717-4562-b3fc-2c963f66afa6,Mozilla/5.0 (Windows NT 10.0; Win64; x64) Chrome/141.0
2026-08-28 13:55:00,GET,/health,200,8,,python-httpx/0.28.1
2026-08-28 13:56:00,GET,/conversations/ca02135e-92b1-43f2-8ede-0d7ac3baea9e/messages,200,107,a92f4d18-6b77-4c55-9e02-1f3b7c8d4e6a,Mozilla/5.0 (Windows NT 10.0; Win64; x64) Chrome/141.0
2026-08-28 13:59:00,POST,/conversations/18f135d2-5f55-4203-b018-50c5a38fd547/messages,200,268,5e90694f-0aca-43e6-b6dd-68daa289b104,Mozilla/5.0 (Windows NT 10.0; Win64; x64) Chrome/141.0
2026-08-28 14:00:00,POST,/conversations/5790f82e-c1d3-4cff-aa3a-f4d46b0a18e8/messages,200,138,a92f4d18-6b77-4c55-9e02-1f3b7c8d4e6a,Mozilla/5.0 (Windows NT 10.0; Win64; x64) Chrome/141.0
2026-08-28 14:06:00,GET,/conversations/c7a2ea20-b2f1-4c94-ae05-319acb5c7427/messages,200,105,5e90694f-0aca-43e6-b6dd-68daa289b104,Mozilla/5.0 (Windows NT 10.0; Win64; x64) Chrome/141.0
2026-08-28 14:08:00,POST,/conversations/6513270e-269e-4d37-b2a7-4de452e6b438/messages,200,204,5e90694f-0aca-43e6-b6dd-68daa289b104,Mozilla/5.0 (Windows NT 10.0; Win64; x64) Chrome/141.0
2026-08-28 14:13:00,GET,/me/conversations,200,43,3fa85f64-5717-4562-b3fc-2c963f66afa6,Mozilla/5.0 (Windows NT 10.0; Win64; x64) Chrome/141.0
2026-08-28 14:13:00,GET,/me/conversations,200,43,3fa85f64-5717-4562-b3fc-2c963f66afa6,Mozilla/5.0 (Windows NT 10.0; Win64; x64) Chrome/141.0
2026-08-28 14:16:00,POST,/conversations,200,152,5e90694f-0aca-43e6-b6dd-68daa289b104,Mozilla/5.0 (Windows NT 10.0; Win64; x64) Chrome/141.0
2026-08-28 14:17:00,GET,/conversations/36f675cc-81e7-4ef5-a8e2-5d940ed90475/messages,200,55,5e90694f-0aca-43e6-b6dd-68daa289b104,Mozilla/5.0 (Windows NT 10.0; Win64; x64) Chrome/141.0
2026-08-28 14:19:00,GET,/me/conversations,500,,7c1e9b02-44da-4f0e-9a31-8ad5c6f21b90,Mozilla/5.0 (Windows NT 10.0; Win64; x64) Chrome/141.0
2026-08-28 14:25:00,GET,/me/conversations,200,46,,Mozilla/5.0 (Windows NT 10.0; Win64; x64) Chrome/141.0
2026-08-28 14:30:00,GET,/me/conversations,404,85,7c1e9b02-44da-4f0e-9a31-8ad5c6f21b90,Mozilla/5.0 (Windows NT 10.0; Win64; x64) Chrome/141.0
2026-08-28 14:33:00,GET,/conversations/7e62aa0a-1df9-4d78-9c65-39382b0537e6/messages,200,165,7c1e9b02-44da-4f0e-9a31-8ad5c6f21b90,Mozilla/5.0 (Windows NT 10.0; Win64; x64) Chrome/141.0
2026-08-28 14:36:00,GET,/conversations/c6f87718-6d76-407e-881e-d162ae2eb154/messages,200,150,7c1e9b02-44da-4f0e-9a31-8ad5c6f21b90,Mozilla/5.0 (Windows NT 10.0; Win64; x64) Chrome/141.0
2026-08-28 14:42:00,GET,/conversations/4cdd2055-930d-4eaf-94f4-733f3e7d1bfb/messages,200,106,3fa85f64-5717-4562-b3fc-2c963f66afa6,Mozilla/5.0 (Windows NT 10.0; Win64; x64) Chrome/141.0
2026-08-28 14:48:00,GET,/conversations/66d22876-72fd-4202-aa96-fb1a14a0f9e7/messages,200,179,,Mozilla/5.0 (Windows NT 10.0; Win64; x64) Chrome/141.0
2026-08-28 14:52:00,GET,/me,200,65,3fa85f64-5717-4562-b3fc-2c963f66afa6,Mozilla/5.0 (Windows NT 10.0; Win64; x64) Chrome/141.0
2026-08-28 14:52:00,GET,/me,200,65,3fa85f64-5717-4562-b3fc-2c963f66afa6,Mozilla/5.0 (Windows NT 10.0; Win64; x64) Chrome/141.0
2026-08-28 14:53:00,GET,/me/conversations,200,48,7c1e9b02-44da-4f0e-9a31-8ad5c6f21b90,Mozilla/5.0 (Windows NT 10.0; Win64; x64) Chrome/141.0
2026-08-28 14:59:00,GET,/conversations/119a72d1-74c9-4f6a-8c01-1cdd9474031b/messages,200,66,a92f4d18-6b77-4c55-9e02-1f3b7c8d4e6a,Mozilla/5.0 (Windows NT 10.0; Win64; x64) Chrome/141.0
2026-08-28 15:04:00,POST,/conversations/5790f82e-c1d3-4cff-aa3a-f4d46b0a18e8/messages,200,228,3fa85f64-5717-4562-b3fc-2c963f66afa6,Mozilla/5.0 (Windows NT 10.0; Win64; x64) Chrome/141.0
2026-08-28 15:09:00,POST,/conversations/10a3d6b2-aa05-411a-b271-5945795e8229/messages,200,73,a92f4d18-6b77-4c55-9e02-1f3b7c8d4e6a,Mozilla/5.0 (Windows NT 10.0; Win64; x64) Chrome/141.0
2026-08-28 15:12:00,GET,/me/conversations,200,81,3fa85f64-5717-4562-b3fc-2c963f66afa6,Mozilla/5.0 (Windows NT 10.0; Win64; x64) Chrome/141.0
2026-08-28 15:14:00,GET,/me/conversations,200,59,5e90694f-0aca-43e6-b6dd-68daa289b104,Mozilla/5.0 (Windows NT 10.0; Win64; x64) Chrome/141.0
2026-08-28 15:15:00,GET,/me/conversations,404,29,5e90694f-0aca-43e6-b6dd-68daa289b104,Mozilla/5.0 (Windows NT 10.0; Win64; x64) Chrome/141.0
2026-08-28 15:21:00,GET,/conversations/36f675cc-81e7-4ef5-a8e2-5d940ed90475/messages,200,125,7c1e9b02-44da-4f0e-9a31-8ad5c6f21b90,Mozilla/5.0 (Windows NT 10.0; Win64; x64) Chrome/141.0
2026-08-28 15:25:00,POST,/conversations,200,91,3fa85f64-5717-4562-b3fc-2c963f66afa6,Mozilla/5.0 (Windows NT 10.0; Win64; x64) Chrome/141.0
2026-08-28 15:26:00,POST,/conversations,200,181,3fa85f64-5717-4562-b3fc-2c963f66afa6,Mozilla/5.0 (Windows NT 10.0; Win64; x64) Chrome/141.0
2026-08-28 15:31:00,GET,/conversations/36f675cc-81e7-4ef5-a8e2-5d940ed90475/messages,200,82,5e90694f-0aca-43e6-b6dd-68daa289b104,Mozilla/5.0 (Windows NT 10.0; Win64; x64) Chrome/141.0
2026-08-28 15:33:00,GET,/conversations/451abd81-f1d6-4ed6-97f5-e837d70820fe/messages,200,87,,Mozilla/5.0 (Windows NT 10.0; Win64; x64) Chrome/141.0
2026-08-28 15:35:00,POST,/conversations,200,84,,Mozilla/5.0 (Windows NT 10.0; Win64; x64) Chrome/141.0
2026-08-28 15:36:00,POST,/conversations/6b4cb242-4a23-4596-a217-beaddbc496cb/messages,200,122,a92f4d18-6b77-4c55-9e02-1f3b7c8d4e6a,Mozilla/5.0 (Windows NT 10.0; Win64; x64) Chrome/141.0
2026-08-28 15:40:00,GET,/me/conversations,200,35,,python-httpx/0.28.1
2026-08-28 15:41:00,GET,/me/conversations,200,20,,python-httpx/0.28.1
2026-08-28 15:41:00,GET,/me/conversations,404,90,3fa85f64-5717-4562-b3fc-2c963f66afa6,Mozilla/5.0 (Windows NT 10.0; Win64; x64) Chrome/141.0
2026-08-28 15:42:00,GET,/me/conversations,200,54,,python-httpx/0.28.1
2026-08-28 15:43:00,GET,/me/conversations,200,35,,python-httpx/0.28.1
2026-08-28 15:44:00,GET,/me/conversations,200,65,,python-httpx/0.28.1
2026-08-28 15:44:00,POST,/conversations/5affb229-7631-4992-b0ce-583505c6af07/messages,200,251,,Mozilla/5.0 (Windows NT 10.0; Win64; x64) Chrome/141.0
2026-08-28 15:45:00,GET,/me/conversations,200,40,,python-httpx/0.28.1
2026-08-28 15:46:00,GET,/me/conversations,200,27,,python-httpx/0.28.1
2026-08-28 15:47:00,GET,/me/conversations,200,41,,python-httpx/0.28.1
2026-08-28 15:48:00,GET,/me/conversations,200,62,,python-httpx/0.28.1
2026-08-28 15:49:00,GET,/me/conversations,200,42,,python-httpx/0.28.1
2026-08-28 15:50:00,GET,/conversations/0cb1e29c-658c-4a14-95e6-0af593bd04cf/messages,200,79,3fa85f64-5717-4562-b3fc-2c963f66afa6,Mozilla/5.0 (Windows NT 10.0; Win64; x64) Chrome/141.0
2026-08-28 15:50:00,GET,/me/conversations,200,50,,python-httpx/0.28.1
2026-08-28 15:51:00,GET,/me/conversations,200,34,,python-httpx/0.28.1
2026-08-28 15:52:00,GET,/me/conversations,200,38,,python-httpx/0.28.1
2026-08-28 15:53:00,GET,/me/conversations,200,38,,python-httpx/0.28.1
2026-08-28 15:54:00,GET,/me/conversations,200,22,,python-httpx/0.28.1
2026-08-28 15:55:00,GET,/me/conversations,200,59,,python-httpx/0.28.1
2026-08-28 15:56:00,GET,/conversations/58d5563d-ab2c-431e-a315-128862c33a4f/messages,200,91,3fa85f64-5717-4562-b3fc-2c963f66afa6,Mozilla/5.0 (Windows NT 10.0; Win64; x64) Chrome/141.0
2026-08-28 15:56:00,GET,/me/conversations,200,39,,python-httpx/0.28.1
2026-08-28 15:57:00,GET,/me/conversations,200,59,,python-httpx/0.28.1
2026-08-28 15:57:00,GET,/me,200,21,7c1e9b02-44da-4f0e-9a31-8ad5c6f21b90,Mozilla/5.0 (Windows NT 10.0; Win64; x64) Chrome/141.0
2026-08-28 15:58:00,GET,/me/conversations,200,33,,python-httpx/0.28.1
2026-08-28 15:59:00,GET,/me/conversations,200,55,,python-httpx/0.28.1
2026-08-28 16:00:00,GET,/me/conversations,200,53,,python-httpx/0.28.1
2026-08-28 16:01:00,GET,/me/conversations,200,37,,python-httpx/0.28.1
2026-08-28 16:02:00,GET,/me/conversations,200,70,,python-httpx/0.28.1
2026-08-28 16:02:00,GET,/me/conversations,200,66,a92f4d18-6b77-4c55-9e02-1f3b7c8d4e6a,Mozilla/5.0 (Windows NT 10.0; Win64; x64) Chrome/141.0
2026-08-28 16:03:00,GET,/me/conversations,200,41,,python-httpx/0.28.1
2026-08-28 16:04:00,GET,/me/conversations,200,60,,python-httpx/0.28.1
2026-08-28 16:05:00,GET,/me/conversations,200,55,,python-httpx/0.28.1
2026-08-28 16:06:00,POST,/conversations,200,71,5e90694f-0aca-43e6-b6dd-68daa289b104,Mozilla/5.0 (Windows NT 10.0; Win64; x64) Chrome/141.0
2026-08-28 16:06:00,GET,/me/conversations,200,26,,python-httpx/0.28.1
2026-08-28 16:07:00,GET,/me/conversations,200,67,,python-httpx/0.28.1
2026-08-28 16:07:00,GET,/me,200,12,7c1e9b02-44da-4f0e-9a31-8ad5c6f21b90,Mozilla/5.0 (Windows NT 10.0; Win64; x64) Chrome/141.0
2026-08-28 16:08:00,GET,/me/conversations,200,51,,python-httpx/0.28.1
2026-08-28 16:09:00,GET,/me/conversations,200,63,,python-httpx/0.28.1
2026-08-28 16:10:00,GET,/me/conversations,200,31,,python-httpx/0.28.1
2026-08-28 16:11:00,GET,/me/conversations,200,36,,python-httpx/0.28.1
2026-08-28 16:12:00,GET,/conversations/49952399-c4aa-4ac1-b7dc-76fb0f17a300/messages,200,57,a92f4d18-6b77-4c55-9e02-1f3b7c8d4e6a,Mozilla/5.0 (Windows NT 10.0; Win64; x64) Chrome/141.0
2026-08-28 16:12:00,GET,/conversations/49952399-c4aa-4ac1-b7dc-76fb0f17a300/messages,200,57,a92f4d18-6b77-4c55-9e02-1f3b7c8d4e6a,Mozilla/5.0 (Windows NT 10.0; Win64; x64) Chrome/141.0
2026-08-28 16:12:00,GET,/me/conversations,200,28,,python-httpx/0.28.1
2026-08-28 16:13:00,GET,/conversations/ae658f33-fe3b-490b-93f4-48b3a5aa3c81/messages,200,100,a92f4d18-6b77-4c55-9e02-1f3b7c8d4e6a,Mozilla/5.0 (Windows NT 10.0; Win64; x64) Chrome/141.0
2026-08-28 16:13:00,GET,/me/conversations,200,34,,python-httpx/0.28.1
2026-08-28 16:14:00,GET,/me/conversations,200,65,7c1e9b02-44da-4f0e-9a31-8ad5c6f21b90,Mozilla/5.0 (Windows NT 10.0; Win64; x64) Chrome/141.0
2026-08-28 16:14:00,GET,/me/conversations,200,44,,python-httpx/0.28.1
2026-08-28 16:15:00,POST,/conversations,200,86,7c1e9b02-44da-4f0e-9a31-8ad5c6f21b90,Mozilla/5.0 (Windows NT 10.0; Win64; x64) Chrome/141.0
2026-08-28 16:15:00,GET,/me/conversations,200,45,,python-httpx/0.28.1
2026-08-28 16:16:00,GET,/me/conversations,200,37,3fa85f64-5717-4562-b3fc-2c963f66afa6,Mozilla/5.0 (Windows NT 10.0; Win64; x64) Chrome/141.0
2026-08-28 16:16:00,GET,/me/conversations,200,58,,python-httpx/0.28.1
2026-08-28 16:17:00,GET,/me/conversations,200,43,,python-httpx/0.28.1
2026-08-28 16:18:00,GET,/me/conversations,200,51,,python-httpx/0.28.1
2026-08-28 16:19:00,GET,/me/conversations,200,21,,python-httpx/0.28.1
2026-08-28 16:22:00,GET,/conversations/65dc9f50-3f63-4f83-bd05-61e6211c70cf/messages,404,100,3fa85f64-5717-4562-b3fc-2c963f66afa6,Mozilla/5.0 (Windows NT 10.0; Win64; x64) Chrome/141.0
2026-08-28 16:23:00,GET,/me,200,23,5e90694f-0aca-43e6-b6dd-68daa289b104,Mozilla/5.0 (Windows NT 10.0; Win64; x64) Chrome/141.0
2026-08-28 16:27:00,GET,/conversations/5affb229-7631-4992-b0ce-583505c6af07/messages,200,157,3fa85f64-5717-4562-b3fc-2c963f66afa6,Mozilla/5.0 (Windows NT 10.0; Win64; x64) Chrome/141.0
2026-08-28 16:31:00,POST,/conversations/7f26144b-9828-4fcd-99a5-4a7bb1fee08f/messages,200,85,5e90694f-0aca-43e6-b6dd-68daa289b104,Mozilla/5.0 (Windows NT 10.0; Win64; x64) Chrome/141.0
2026-08-28 16:32:00,GET,/me/conversations,500,220,a92f4d18-6b77-4c55-9e02-1f3b7c8d4e6a,Mozilla/5.0 (Windows NT 10.0; Win64; x64) Chrome/141.0
2026-08-28 16:38:00,POST,/conversations/830e07bc-1e39-4f10-92bd-4acefaecbd38/messages,200,104,3fa85f64-5717-4562-b3fc-2c963f66afa6,Mozilla/5.0 (Windows NT 10.0; Win64; x64) Chrome/141.0
2026-08-28 16:41:00,GET,/conversations/7e62aa0a-1df9-4d78-9c65-39382b0537e6/messages,200,61,5e90694f-0aca-43e6-b6dd-68daa289b104,Mozilla/5.0 (Windows NT 10.0; Win64; x64) Chrome/141.0
2026-08-28 16:45:00,GET,/me/conversations,200,,7c1e9b02-44da-4f0e-9a31-8ad5c6f21b90,Mozilla/5.0 (Windows NT 10.0; Win64; x64) Chrome/141.0
2026-08-28 16:51:00,GET,/me/conversations,404,62,a92f4d18-6b77-4c55-9e02-1f3b7c8d4e6a,Mozilla/5.0 (Windows NT 10.0; Win64; x64) Chrome/141.0
2026-08-28 16:53:00,GET,/me,200,37,7c1e9b02-44da-4f0e-9a31-8ad5c6f21b90,Mozilla/5.0 (Windows NT 10.0; Win64; x64) Chrome/141.0
2026-08-28 16:55:00,GET,/me/conversations,200,73,3fa85f64-5717-4562-b3fc-2c963f66afa6,Mozilla/5.0 (Windows NT 10.0; Win64; x64) Chrome/141.0
2026-08-28 17:00:00,GET,/conversations/7e62aa0a-1df9-4d78-9c65-39382b0537e6/messages,200,90,7c1e9b02-44da-4f0e-9a31-8ad5c6f21b90,Mozilla/5.0 (Windows NT 10.0; Win64; x64) Chrome/141.0
2026-08-28 17:02:00,POST,/conversations/5790f82e-c1d3-4cff-aa3a-f4d46b0a18e8/messages,200,114,a92f4d18-6b77-4c55-9e02-1f3b7c8d4e6a,Mozilla/5.0 (Windows NT 10.0; Win64; x64) Chrome/141.0
2026-08-28 17:07:00,POST,/conversations/451abd81-f1d6-4ed6-97f5-e837d70820fe/messages,200,75,7c1e9b02-44da-4f0e-9a31-8ad5c6f21b90,Mozilla/5.0 (Windows NT 10.0; Win64; x64) Chrome/141.0
2026-08-28 17:09:00,GET,/me/conversations,500,288,5e90694f-0aca-43e6-b6dd-68daa289b104,Mozilla/5.0 (Windows NT 10.0; Win64; x64) Chrome/141.0
2026-08-29 09:00:00,GET,/health,200,7,,python-httpx/0.28.1
2026-08-29 09:05:00,GET,/health,200,9,,python-httpx/0.28.1
2026-08-29 09:06:00,GET,/me/conversations,200,45,5e90694f-0aca-43e6-b6dd-68daa289b104,Mozilla/5.0 (Windows NT 10.0; Win64; x64) Chrome/141.0
2026-08-29 09:09:00,POST,/conversations,200,83,7c1e9b02-44da-4f0e-9a31-8ad5c6f21b90,Mozilla/5.0 (Windows NT 10.0; Win64; x64) Chrome/141.0
2026-08-29 09:10:00,POST,/conversations,200,65,3fa85f64-5717-4562-b3fc-2c963f66afa6,Mozilla/5.0 (Windows NT 10.0; Win64; x64) Chrome/141.0
2026-08-29 09:10:00,GET,/health,200,2,,python-httpx/0.28.1
2026-08-29 09:12:00,GET,/me,200,57,5e90694f-0aca-43e6-b6dd-68daa289b104,Mozilla/5.0 (Windows NT 10.0; Win64; x64) Chrome/141.0
2026-08-29 09:15:00,GET,/health,200,9,,python-httpx/0.28.1
2026-08-29 09:17:00,POST,/conversations/8d116ece-1738-47d9-bd9c-172411e20b8f/messages,200,89,a92f4d18-6b77-4c55-9e02-1f3b7c8d4e6a,Mozilla/5.0 (Windows NT 10.0; Win64; x64) Chrome/141.0
2026-08-29 09:20:00,GET,/health,200,3,,python-httpx/0.28.1
2026-08-29 09:20:00,GET,/conversations/b774eb52-48db-40af-b215-8370d269a9a5/messages,200,135,a92f4d18-6b77-4c55-9e02-1f3b7c8d4e6a,Mozilla/5.0 (Windows NT 10.0; Win64; x64) Chrome/141.0
2026-08-29 09:24:00,GET,/conversations/923a7369-94e3-4f91-9a61-dbe22e44158b/messages,200,67,5e90694f-0aca-43e6-b6dd-68daa289b104,Mozilla/5.0 (Windows NT 10.0; Win64; x64) Chrome/141.0
2026-08-29 09:25:00,GET,/health,200,7,,python-httpx/0.28.1
2026-08-29 09:30:00,GET,/me,200,30,7c1e9b02-44da-4f0e-9a31-8ad5c6f21b90,Mozilla/5.0 (Windows NT 10.0; Win64; x64) Chrome/141.0
2026-08-29 09:30:00,GET,/health,200,9,,python-httpx/0.28.1
2026-08-29 09:30:00,GET,/me,200,30,7c1e9b02-44da-4f0e-9a31-8ad5c6f21b90,Mozilla/5.0 (Windows NT 10.0; Win64; x64) Chrome/141.0
2026-08-29 09:35:00,GET,/health,200,3,,python-httpx/0.28.1
2026-08-29 09:36:00,GET,/me/conversations,200,67,a92f4d18-6b77-4c55-9e02-1f3b7c8d4e6a,Mozilla/5.0 (Windows NT 10.0; Win64; x64) Chrome/141.0
2026-08-29 09:40:00,POST,/conversations,200,107,5e90694f-0aca-43e6-b6dd-68daa289b104,Mozilla/5.0 (Windows NT 10.0; Win64; x64) Chrome/141.0
2026-08-29 09:40:00,GET,/health,200,8,,python-httpx/0.28.1
2026-08-29 09:41:00,GET,/me,200,61,a92f4d18-6b77-4c55-9e02-1f3b7c8d4e6a,Mozilla/5.0 (Windows NT 10.0; Win64; x64) Chrome/141.0
2026-08-29 09:44:00,POST,/conversations/13deef86-ab10-41d0-b646-e1f40a097c97/messages,200,62,3fa85f64-5717-4562-b3fc-2c963f66afa6,Mozilla/5.0 (Windows NT 10.0; Win64; x64) Chrome/141.0
2026-08-29 09:45:00,GET,/health,200,7,,python-httpx/0.28.1
2026-08-29 09:47:00,POST,/conversations/a170b338-3926-4059-b28c-105d1fb17c23/messages,200,8,5e90694f-0aca-43e6-b6dd-68daa289b104,Mozilla/5.0 (Windows NT 10.0; Win64; x64) Chrome/141.0
2026-08-29 09:47:00,POST,/conversations/a170b338-3926-4059-b28c-105d1fb17c23/messages,200,8,5e90694f-0aca-43e6-b6dd-68daa289b104,Mozilla/5.0 (Windows NT 10.0; Win64; x64) Chrome/141.0
2026-08-29 09:50:00,GET,/health,200,4,,python-httpx/0.28.1
2026-08-29 09:53:00,POST,/conversations,200,87,a92f4d18-6b77-4c55-9e02-1f3b7c8d4e6a,Mozilla/5.0 (Windows NT 10.0; Win64; x64) Chrome/141.0
2026-08-29 09:54:00,GET,/conversations/66d22876-72fd-4202-aa96-fb1a14a0f9e7/messages,200,122,a92f4d18-6b77-4c55-9e02-1f3b7c8d4e6a,Mozilla/5.0 (Windows NT 10.0; Win64; x64) Chrome/141.0
2026-08-29 09:55:00,GET,/health,200,2,,python-httpx/0.28.1
2026-08-29 09:58:00,GET,/me/conversations,200,90,5e90694f-0aca-43e6-b6dd-68daa289b104,Mozilla/5.0 (Windows NT 10.0; Win64; x64) Chrome/141.0
2026-08-29 10:00:00,GET,/health,200,3,,python-httpx/0.28.1
2026-08-29 10:04:00,GET,/me,200,22,7c1e9b02-44da-4f0e-9a31-8ad5c6f21b90,Mozilla/5.0 (Windows NT 10.0; Win64; x64) Chrome/141.0
2026-08-29 10:05:00,GET,/health,200,5,,python-httpx/0.28.1
2026-08-29 10:09:00,POST,/conversations/907a70c3-1012-4037-b64c-e4228c38fb29/messages,200,211,a92f4d18-6b77-4c55-9e02-1f3b7c8d4e6a,Mozilla/5.0 (Windows NT 10.0; Win64; x64) Chrome/141.0
2026-08-29 10:10:00,GET,/health,200,5,,python-httpx/0.28.1
2026-08-29 10:14:00,GET,/me,200,25,5e90694f-0aca-43e6-b6dd-68daa289b104,Mozilla/5.0 (Windows NT 10.0; Win64; x64) Chrome/141.0
2026-08-29 10:15:00,GET,/health,200,8,,python-httpx/0.28.1
2026-08-29 10:16:00,GET,/me,200,34,a92f4d18-6b77-4c55-9e02-1f3b7c8d4e6a,Mozilla/5.0 (Windows NT 10.0; Win64; x64) Chrome/141.0
2026-08-29 10:19:00,POST,/conversations,200,138,5e90694f-0aca-43e6-b6dd-68daa289b104,Mozilla/5.0 (Windows NT 10.0; Win64; x64) Chrome/141.0
2026-08-29 10:20:00,GET,/health,200,4,,python-httpx/0.28.1
2026-08-29 10:24:00,GET,/conversations/66d22876-72fd-4202-aa96-fb1a14a0f9e7/messages,200,112,7c1e9b02-44da-4f0e-9a31-8ad5c6f21b90,Mozilla/5.0 (Windows NT 10.0; Win64; x64) Chrome/141.0
2026-08-29 10:25:00,GET,/health,200,3,,python-httpx/0.28.1
2026-08-29 10:28:00,GET,/me/conversations,200,75,5e90694f-0aca-43e6-b6dd-68daa289b104,Mozilla/5.0 (Windows NT 10.0; Win64; x64) Chrome/141.0
2026-08-29 10:30:00,GET,/health,200,3,,python-httpx/0.28.1
2026-08-29 10:33:00,POST,/conversations/7f1b103c-df15-42b0-aab4-77d26415479c/messages,404,125,5e90694f-0aca-43e6-b6dd-68daa289b104,Mozilla/5.0 (Windows NT 10.0; Win64; x64) Chrome/141.0
2026-08-29 10:33:00,POST,/conversations/7f1b103c-df15-42b0-aab4-77d26415479c/messages,404,125,5e90694f-0aca-43e6-b6dd-68daa289b104,Mozilla/5.0 (Windows NT 10.0; Win64; x64) Chrome/141.0
2026-08-29 10:34:00,GET,/conversations/c7a2ea20-b2f1-4c94-ae05-319acb5c7427/messages,200,108,a92f4d18-6b77-4c55-9e02-1f3b7c8d4e6a,Mozilla/5.0 (Windows NT 10.0; Win64; x64) Chrome/141.0
2026-08-29 10:35:00,GET,/health,200,3,,python-httpx/0.28.1
2026-08-29 10:37:00,GET,/conversations/92276658-1e27-41c0-8a6a-63ec24ede6a4/messages,500,296,7c1e9b02-44da-4f0e-9a31-8ad5c6f21b90,Mozilla/5.0 (Windows NT 10.0; Win64; x64) Chrome/141.0
2026-08-29 10:40:00,GET,/conversations/6513270e-269e-4d37-b2a7-4de452e6b438/messages,200,120,3fa85f64-5717-4562-b3fc-2c963f66afa6,Mozilla/5.0 (Windows NT 10.0; Win64; x64) Chrome/141.0
2026-08-29 10:40:00,GET,/health,200,2,,python-httpx/0.28.1
2026-08-29 10:44:00,GET,/conversations/58d5563d-ab2c-431e-a315-128862c33a4f/messages,200,80,5e90694f-0aca-43e6-b6dd-68daa289b104,Mozilla/5.0 (Windows NT 10.0; Win64; x64) Chrome/141.0
2026-08-29 10:45:00,GET,/health,200,6,,python-httpx/0.28.1
2026-08-29 10:46:00,GET,/conversations/ae97ba94-d0ed-482f-8f6d-05584ef8aa38/messages,200,25,5e90694f-0aca-43e6-b6dd-68daa289b104,Mozilla/5.0 (Windows NT 10.0; Win64; x64) Chrome/141.0
2026-08-29 10:50:00,GET,/me,200,25,3fa85f64-5717-4562-b3fc-2c963f66afa6,Mozilla/5.0 (Windows NT 10.0; Win64; x64) Chrome/141.0
2026-08-29 10:50:00,GET,/health,200,8,,python-httpx/0.28.1
2026-08-29 10:54:00,GET,/me/conversations,200,74,a92f4d18-6b77-4c55-9e02-1f3b7c8d4e6a,Mozilla/5.0 (Windows NT 10.0; Win64; x64) Chrome/141.0
2026-08-29 10:55:00,GET,/health,200,3,,python-httpx/0.28.1
2026-08-29 10:58:00,POST,/conversations/907a70c3-1012-4037-b64c-e4228c38fb29/messages,200,91,5e90694f-0aca-43e6-b6dd-68daa289b104,Mozilla/5.0 (Windows NT 10.0; Win64; x64) Chrome/141.0
2026-08-29 10:58:00,POST,/conversations/907a70c3-1012-4037-b64c-e4228c38fb29/messages,200,91,5e90694f-0aca-43e6-b6dd-68daa289b104,Mozilla/5.0 (Windows NT 10.0; Win64; x64) Chrome/141.0
2026-08-29 11:00:00,GET,/health,200,4,,python-httpx/0.28.1
2026-08-29 11:04:00,GET,/me/conversations,200,35,3fa85f64-5717-4562-b3fc-2c963f66afa6,Mozilla/5.0 (Windows NT 10.0; Win64; x64) Chrome/141.0
2026-08-29 11:05:00,GET,/health,200,4,,python-httpx/0.28.1
2026-08-29 11:08:00,GET,/me/conversations,200,71,7c1e9b02-44da-4f0e-9a31-8ad5c6f21b90,Mozilla/5.0 (Windows NT 10.0; Win64; x64) Chrome/141.0
2026-08-29 11:10:00,GET,/health,200,9,,python-httpx/0.28.1
2026-08-29 11:13:00,GET,/me,200,49,3fa85f64-5717-4562-b3fc-2c963f66afa6,Mozilla/5.0 (Windows NT 10.0; Win64; x64) Chrome/141.0
2026-08-29 11:14:00,POST,/conversations,200,111,,Mozilla/5.0 (Windows NT 10.0; Win64; x64) Chrome/141.0
2026-08-29 11:15:00,GET,/health,200,4,,python-httpx/0.28.1
2026-08-29 11:16:00,GET,/me,200,27,7c1e9b02-44da-4f0e-9a31-8ad5c6f21b90,Mozilla/5.0 (Windows NT 10.0; Win64; x64) Chrome/141.0
2026-08-29 11:18:00,GET,/conversations/0cb1e29c-658c-4a14-95e6-0af593bd04cf/messages,200,61,5e90694f-0aca-43e6-b6dd-68daa289b104,Mozilla/5.0 (Windows NT 10.0; Win64; x64) Chrome/141.0
2026-08-29 11:19:00,GET,/me/conversations,200,47,7c1e9b02-44da-4f0e-9a31-8ad5c6f21b90,Mozilla/5.0 (Windows NT 10.0; Win64; x64) Chrome/141.0
2026-08-29 11:20:00,GET,/health,200,4,,python-httpx/0.28.1
2026-08-29 11:24:00,POST,/conversations,200,118,5e90694f-0aca-43e6-b6dd-68daa289b104,Mozilla/5.0 (Windows NT 10.0; Win64; x64) Chrome/141.0
2026-08-29 11:25:00,GET,/health,200,9,,python-httpx/0.28.1
2026-08-29 11:29:00,GET,/conversations/ec66a787-95e7-41d1-b731-af10506bf2ef/messages,200,75,5e90694f-0aca-43e6-b6dd-68daa289b104,Mozilla/5.0 (Windows NT 10.0; Win64; x64) Chrome/141.0
2026-08-29 11:30:00,GET,/health,200,9,,python-httpx/0.28.1
2026-08-29 11:31:00,GET,/me,200,37,7c1e9b02-44da-4f0e-9a31-8ad5c6f21b90,Mozilla/5.0 (Windows NT 10.0; Win64; x64) Chrome/141.0
2026-08-29 11:34:00,GET,/me/conversations,200,74,7c1e9b02-44da-4f0e-9a31-8ad5c6f21b90,Mozilla/5.0 (Windows NT 10.0; Win64; x64) Chrome/141.0
2026-08-29 11:35:00,GET,/health,200,2,,python-httpx/0.28.1
2026-08-29 11:40:00,GET,/me,200,49,,Mozilla/5.0 (Windows NT 10.0; Win64; x64) Chrome/141.0
2026-08-29 11:40:00,GET,/health,200,5,,python-httpx/0.28.1
2026-08-29 11:42:00,GET,/conversations/92276658-1e27-41c0-8a6a-63ec24ede6a4/messages,200,117,7c1e9b02-44da-4f0e-9a31-8ad5c6f21b90,Mozilla/5.0 (Windows NT 10.0; Win64; x64) Chrome/141.0
2026-08-29 11:45:00,GET,/health,200,2,,python-httpx/0.28.1
2026-08-29 11:47:00,GET,/me/conversations,200,71,,Mozilla/5.0 (Windows NT 10.0; Win64; x64) Chrome/141.0
2026-08-29 11:50:00,GET,/health,200,8,,python-httpx/0.28.1
2026-08-29 11:50:00,GET,/me/conversations,200,80,5e90694f-0aca-43e6-b6dd-68daa289b104,Mozilla/5.0 (Windows NT 10.0; Win64; x64) Chrome/141.0
2026-08-29 11:54:00,GET,/me/conversations,200,104,,Mozilla/5.0 (Windows NT 10.0; Win64; x64) Chrome/141.0
2026-08-29 11:55:00,GET,/health,200,6,,python-httpx/0.28.1
2026-08-29 11:56:00,GET,/me/conversations,200,28,3fa85f64-5717-4562-b3fc-2c963f66afa6,Mozilla/5.0 (Windows NT 10.0; Win64; x64) Chrome/141.0
2026-08-29 12:00:00,GET,/health,200,3,,python-httpx/0.28.1
2026-08-29 12:01:00,POST,/conversations/5790f82e-c1d3-4cff-aa3a-f4d46b0a18e8/messages,200,104,,Mozilla/5.0 (Windows NT 10.0; Win64; x64) Chrome/141.0
2026-08-29 12:03:00,GET,/me/conversations,200,89,a92f4d18-6b77-4c55-9e02-1f3b7c8d4e6a,Mozilla/5.0 (Windows NT 10.0; Win64; x64) Chrome/141.0
2026-08-29 12:05:00,GET,/conversations/ec66a787-95e7-41d1-b731-af10506bf2ef/messages,404,92,7c1e9b02-44da-4f0e-9a31-8ad5c6f21b90,Mozilla/5.0 (Windows NT 10.0; Win64; x64) Chrome/141.0
2026-08-29 12:05:00,GET,/health,200,7,,python-httpx/0.28.1
2026-08-29 12:07:00,GET,/me/conversations,200,57,7c1e9b02-44da-4f0e-9a31-8ad5c6f21b90,Mozilla/5.0 (Windows NT 10.0; Win64; x64) Chrome/141.0
2026-08-29 12:07:00,GET,/me/conversations,200,57,7c1e9b02-44da-4f0e-9a31-8ad5c6f21b90,Mozilla/5.0 (Windows NT 10.0; Win64; x64) Chrome/141.0
2026-08-29 12:08:00,POST,/conversations,200,170,3fa85f64-5717-4562-b3fc-2c963f66afa6,Mozilla/5.0 (Windows NT 10.0; Win64; x64) Chrome/141.0
2026-08-29 12:09:00,GET,/me/conversations,200,106,3fa85f64-5717-4562-b3fc-2c963f66afa6,Mozilla/5.0 (Windows NT 10.0; Win64; x64) Chrome/141.0
2026-08-29 12:10:00,GET,/health,200,3,,python-httpx/0.28.1
2026-08-29 12:15:00,GET,/health,200,5,,python-httpx/0.28.1
2026-08-29 12:15:00,GET,/me/conversations,404,56,7c1e9b02-44da-4f0e-9a31-8ad5c6f21b90,Mozilla/5.0 (Windows NT 10.0; Win64; x64) Chrome/141.0
2026-08-29 12:20:00,GET,/health,200,3,,python-httpx/0.28.1
2026-08-29 12:20:00,POST,/conversations/7f150524-34b9-45df-9e77-69b10f4205b4/messages,200,34,5e90694f-0aca-43e6-b6dd-68daa289b104,Mozilla/5.0 (Windows NT 10.0; Win64; x64) Chrome/141.0
2026-08-29 12:21:00,GET,/me/conversations,200,41,a92f4d18-6b77-4c55-9e02-1f3b7c8d4e6a,Mozilla/5.0 (Windows NT 10.0; Win64; x64) Chrome/141.0
2026-08-29 12:23:00,GET,/conversations/7f26144b-9828-4fcd-99a5-4a7bb1fee08f/messages,200,152,3fa85f64-5717-4562-b3fc-2c963f66afa6,Mozilla/5.0 (Windows NT 10.0; Win64; x64) Chrome/141.0
2026-08-29 12:23:00,GET,/conversations/7f26144b-9828-4fcd-99a5-4a7bb1fee08f/messages,200,152,3fa85f64-5717-4562-b3fc-2c963f66afa6,Mozilla/5.0 (Windows NT 10.0; Win64; x64) Chrome/141.0
2026-08-29 12:25:00,GET,/health,200,6,,python-httpx/0.28.1
2026-08-29 12:26:00,GET,/conversations/5790f82e-c1d3-4cff-aa3a-f4d46b0a18e8/messages,200,110,a92f4d18-6b77-4c55-9e02-1f3b7c8d4e6a,Mozilla/5.0 (Windows NT 10.0; Win64; x64) Chrome/141.0
2026-08-29 12:30:00,GET,/health,200,3,,python-httpx/0.28.1
2026-08-29 12:31:00,POST,/conversations,200,173,a92f4d18-6b77-4c55-9e02-1f3b7c8d4e6a,Mozilla/5.0 (Windows NT 10.0; Win64; x64) Chrome/141.0
2026-08-29 12:32:00,POST,/conversations/58d5563d-ab2c-431e-a315-128862c33a4f/messages,200,145,5e90694f-0aca-43e6-b6dd-68daa289b104,Mozilla/5.0 (Windows NT 10.0; Win64; x64) Chrome/141.0
2026-08-29 12:33:00,GET,/me,200,48,3fa85f64-5717-4562-b3fc-2c963f66afa6,Mozilla/5.0 (Windows NT 10.0; Win64; x64) Chrome/141.0
2026-08-29 12:35:00,GET,/health,200,4,,python-httpx/0.28.1
2026-08-29 12:38:00,GET,/me/conversations,200,21,5e90694f-0aca-43e6-b6dd-68daa289b104,Mozilla/5.0 (Windows NT 10.0; Win64; x64) Chrome/141.0
2026-08-29 12:40:00,GET,/health,200,9,,python-httpx/0.28.1
2026-08-29 12:40:00,POST,/conversations,200,99,7c1e9b02-44da-4f0e-9a31-8ad5c6f21b90,Mozilla/5.0 (Windows NT 10.0; Win64; x64) Chrome/141.0
2026-08-29 12:45:00,GET,/health,200,3,,python-httpx/0.28.1
2026-08-29 12:45:00,GET,/me/conversations,200,50,3fa85f64-5717-4562-b3fc-2c963f66afa6,Mozilla/5.0 (Windows NT 10.0; Win64; x64) Chrome/141.0
2026-08-29 12:46:00,GET,/conversations/6b4cb242-4a23-4596-a217-beaddbc496cb/messages,200,64,7c1e9b02-44da-4f0e-9a31-8ad5c6f21b90,Mozilla/5.0 (Windows NT 10.0; Win64; x64) Chrome/141.0
2026-08-29 12:48:00,POST,/conversations/58d5563d-ab2c-431e-a315-128862c33a4f/messages,200,145,3fa85f64-5717-4562-b3fc-2c963f66afa6,Mozilla/5.0 (Windows NT 10.0; Win64; x64) Chrome/141.0
2026-08-29 12:50:00,GET,/health,200,6,,python-httpx/0.28.1
2026-08-29 12:54:00,GET,/me,500,,5e90694f-0aca-43e6-b6dd-68daa289b104,Mozilla/5.0 (Windows NT 10.0; Win64; x64) Chrome/141.0
2026-08-29 12:55:00,GET,/health,200,2,,python-httpx/0.28.1
2026-08-29 12:58:00,GET,/me/conversations,200,66,5e90694f-0aca-43e6-b6dd-68daa289b104,Mozilla/5.0 (Windows NT 10.0; Win64; x64) Chrome/141.0
2026-08-29 13:00:00,GET,/health,200,3,,python-httpx/0.28.1
2026-08-29 13:00:00,GET,/conversations/7e62aa0a-1df9-4d78-9c65-39382b0537e6/messages,200,60,3fa85f64-5717-4562-b3fc-2c963f66afa6,Mozilla/5.0 (Windows NT 10.0; Win64; x64) Chrome/141.0
2026-08-29 13:01:00,GET,/conversations/ca02135e-92b1-43f2-8ede-0d7ac3baea9e/messages,200,32,7c1e9b02-44da-4f0e-9a31-8ad5c6f21b90,Mozilla/5.0 (Windows NT 10.0; Win64; x64) Chrome/141.0
2026-08-29 13:03:00,GET,/conversations/3f98e277-4cbd-47ad-9c90-a9587403e430/messages,200,85,5e90694f-0aca-43e6-b6dd-68daa289b104,Mozilla/5.0 (Windows NT 10.0; Win64; x64) Chrome/141.0
2026-08-29 13:04:00,GET,/me/conversations,200,52,5e90694f-0aca-43e6-b6dd-68daa289b104,Mozilla/5.0 (Windows NT 10.0; Win64; x64) Chrome/141.0
2026-08-29 13:05:00,GET,/health,200,9,,python-httpx/0.28.1
2026-08-29 13:07:00,POST,/conversations,200,17,7c1e9b02-44da-4f0e-9a31-8ad5c6f21b90,Mozilla/5.0 (Windows NT 10.0; Win64; x64) Chrome/141.0
2026-08-29 13:10:00,GET,/health,200,2,,python-httpx/0.28.1
2026-08-29 13:12:00,POST,/conversations,404,143,a92f4d18-6b77-4c55-9e02-1f3b7c8d4e6a,Mozilla/5.0 (Windows NT 10.0; Win64; x64) Chrome/141.0
2026-08-29 13:15:00,GET,/health,200,4,,python-httpx/0.28.1
2026-08-29 13:17:00,GET,/me/conversations,404,88,7c1e9b02-44da-4f0e-9a31-8ad5c6f21b90,Mozilla/5.0 (Windows NT 10.0; Win64; x64) Chrome/141.0
2026-08-29 13:18:00,POST,/conversations/3f98e277-4cbd-47ad-9c90-a9587403e430/messages,200,127,a92f4d18-6b77-4c55-9e02-1f3b7c8d4e6a,Mozilla/5.0 (Windows NT 10.0; Win64; x64) Chrome/141.0
2026-08-29 13:20:00,GET,/health,200,4,,python-httpx/0.28.1
2026-08-29 13:23:00,POST,/conversations,200,117,5e90694f-0aca-43e6-b6dd-68daa289b104,Mozilla/5.0 (Windows NT 10.0; Win64; x64) Chrome/141.0
2026-08-29 13:25:00,GET,/health,200,5,,python-httpx/0.28.1
2026-08-29 13:25:00,POST,/conversations/6bf46c69-7d2c-4f82-aeea-cbe226e87555/messages,200,130,5e90694f-0aca-43e6-b6dd-68daa289b104,Mozilla/5.0 (Windows NT 10.0; Win64; x64) Chrome/141.0
2026-08-29 13:30:00,GET,/health,200,7,,python-httpx/0.28.1
2026-08-29 13:31:00,GET,/conversations/36f675cc-81e7-4ef5-a8e2-5d940ed90475/messages,200,86,5e90694f-0aca-43e6-b6dd-68daa289b104,Mozilla/5.0 (Windows NT 10.0; Win64; x64) Chrome/141.0
2026-08-29 13:35:00,GET,/health,200,4,,python-httpx/0.28.1
2026-08-29 13:35:00,GET,/conversations/6bf46c69-7d2c-4f82-aeea-cbe226e87555/messages,404,71,,Mozilla/5.0 (Windows NT 10.0; Win64; x64) Chrome/141.0
2026-08-29 13:40:00,GET,/health,200,2,,python-httpx/0.28.1
2026-08-29 13:40:00,POST,/conversations/7e62aa0a-1df9-4d78-9c65-39382b0537e6/messages,200,148,a92f4d18-6b77-4c55-9e02-1f3b7c8d4e6a,Mozilla/5.0 (Windows NT 10.0; Win64; x64) Chrome/141.0
2026-08-29 13:42:00,POST,/conversations/18f135d2-5f55-4203-b018-50c5a38fd547/messages,200,115,7c1e9b02-44da-4f0e-9a31-8ad5c6f21b90,Mozilla/5.0 (Windows NT 10.0; Win64; x64) Chrome/141.0
2026-08-29 13:45:00,GET,/health,200,5,,python-httpx/0.28.1
2026-08-29 13:46:00,GET,/me,200,51,3fa85f64-5717-4562-b3fc-2c963f66afa6,Mozilla/5.0 (Windows NT 10.0; Win64; x64) Chrome/141.0
2026-08-29 13:50:00,GET,/health,200,4,,python-httpx/0.28.1
2026-08-29 13:50:00,GET,/me,200,26,3fa85f64-5717-4562-b3fc-2c963f66afa6,Mozilla/5.0 (Windows NT 10.0; Win64; x64) Chrome/141.0
2026-08-29 13:55:00,GET,/conversations/7f1b103c-df15-42b0-aab4-77d26415479c/messages,200,62,a92f4d18-6b77-4c55-9e02-1f3b7c8d4e6a,Mozilla/5.0 (Windows NT 10.0; Win64; x64) Chrome/141.0
2026-08-29 13:55:00,GET,/health,200,6,,python-httpx/0.28.1
2026-08-29 13:55:00,GET,/conversations/7f1b103c-df15-42b0-aab4-77d26415479c/messages,200,62,a92f4d18-6b77-4c55-9e02-1f3b7c8d4e6a,Mozilla/5.0 (Windows NT 10.0; Win64; x64) Chrome/141.0
2026-08-29 13:57:00,GET,/me/conversations,200,94,3fa85f64-5717-4562-b3fc-2c963f66afa6,Mozilla/5.0 (Windows NT 10.0; Win64; x64) Chrome/141.0
2026-08-29 13:59:00,GET,/me/conversations,200,68,3fa85f64-5717-4562-b3fc-2c963f66afa6,Mozilla/5.0 (Windows NT 10.0; Win64; x64) Chrome/141.0
2026-08-29 14:04:00,POST,/conversations/119a72d1-74c9-4f6a-8c01-1cdd9474031b/messages,200,129,a92f4d18-6b77-4c55-9e02-1f3b7c8d4e6a,Mozilla/5.0 (Windows NT 10.0; Win64; x64) Chrome/141.0
2026-08-29 14:09:00,GET,/me/conversations,200,,5e90694f-0aca-43e6-b6dd-68daa289b104,Mozilla/5.0 (Windows NT 10.0; Win64; x64) Chrome/141.0
2026-08-29 14:15:00,GET,/conversations/49952399-c4aa-4ac1-b7dc-76fb0f17a300/messages,200,112,3fa85f64-5717-4562-b3fc-2c963f66afa6,Mozilla/5.0 (Windows NT 10.0; Win64; x64) Chrome/141.0
2026-08-29 14:21:00,GET,/me/conversations,200,,7c1e9b02-44da-4f0e-9a31-8ad5c6f21b90,Mozilla/5.0 (Windows NT 10.0; Win64; x64) Chrome/141.0
2026-08-29 14:25:00,POST,/conversations,200,102,a92f4d18-6b77-4c55-9e02-1f3b7c8d4e6a,Mozilla/5.0 (Windows NT 10.0; Win64; x64) Chrome/141.0
2026-08-29 14:29:00,POST,/conversations/8d116ece-1738-47d9-bd9c-172411e20b8f/messages,200,155,3fa85f64-5717-4562-b3fc-2c963f66afa6,Mozilla/5.0 (Windows NT 10.0; Win64; x64) Chrome/141.0
2026-08-29 14:30:00,POST,/conversations/d23f0824-128b-4f33-8c5c-7fd0a6a3a450/messages,200,210,a92f4d18-6b77-4c55-9e02-1f3b7c8d4e6a,Mozilla/5.0 (Windows NT 10.0; Win64; x64) Chrome/141.0
2026-08-29 14:35:00,POST,/conversations/b774eb52-48db-40af-b215-8370d269a9a5/messages,200,136,a92f4d18-6b77-4c55-9e02-1f3b7c8d4e6a,Mozilla/5.0 (Windows NT 10.0; Win64; x64) Chrome/141.0
2026-08-29 14:38:00,GET,/conversations/7f1b103c-df15-42b0-aab4-77d26415479c/messages,200,155,3fa85f64-5717-4562-b3fc-2c963f66afa6,Mozilla/5.0 (Windows NT 10.0; Win64; x64) Chrome/141.0
2026-08-29 14:42:00,POST,/conversations/57124242-5051-41cc-917f-9acae01f5057/messages,200,166,a92f4d18-6b77-4c55-9e02-1f3b7c8d4e6a,Mozilla/5.0 (Windows NT 10.0; Win64; x64) Chrome/141.0
2026-08-29 14:44:00,GET,/conversations/0fd630f1-f29d-4da9-953f-48f1a09f76b5/messages,200,23,5e90694f-0aca-43e6-b6dd-68daa289b104,Mozilla/5.0 (Windows NT 10.0; Win64; x64) Chrome/141.0
2026-08-29 14:50:00,GET,/conversations/6b4cb242-4a23-4596-a217-beaddbc496cb/messages,200,92,a92f4d18-6b77-4c55-9e02-1f3b7c8d4e6a,Mozilla/5.0 (Windows NT 10.0; Win64; x64) Chrome/141.0
2026-08-29 14:51:00,GET,/me,200,32,a92f4d18-6b77-4c55-9e02-1f3b7c8d4e6a,Mozilla/5.0 (Windows NT 10.0; Win64; x64) Chrome/141.0
2026-08-29 14:57:00,GET,/conversations/8e81973e-0bec-47b0-b898-d190f9ebdacc/messages,200,83,3fa85f64-5717-4562-b3fc-2c963f66afa6,Mozilla/5.0 (Windows NT 10.0; Win64; x64) Chrome/141.0
2026-08-29 15:01:00,GET,/conversations/ec66a787-95e7-41d1-b731-af10506bf2ef/messages,200,,a92f4d18-6b77-4c55-9e02-1f3b7c8d4e6a,Mozilla/5.0 (Windows NT 10.0; Win64; x64) Chrome/141.0
2026-08-29 15:06:00,GET,/conversations/119a72d1-74c9-4f6a-8c01-1cdd9474031b/messages,200,83,5e90694f-0aca-43e6-b6dd-68daa289b104,Mozilla/5.0 (Windows NT 10.0; Win64; x64) Chrome/141.0
2026-08-29 15:06:00,GET,/conversations/119a72d1-74c9-4f6a-8c01-1cdd9474031b/messages,200,83,5e90694f-0aca-43e6-b6dd-68daa289b104,Mozilla/5.0 (Windows NT 10.0; Win64; x64) Chrome/141.0
2026-08-29 15:08:00,GET,/conversations/c6f87718-6d76-407e-881e-d162ae2eb154/messages,200,121,a92f4d18-6b77-4c55-9e02-1f3b7c8d4e6a,Mozilla/5.0 (Windows NT 10.0; Win64; x64) Chrome/141.0
2026-08-29 15:13:00,POST,/conversations/6513270e-269e-4d37-b2a7-4de452e6b438/messages,200,92,5e90694f-0aca-43e6-b6dd-68daa289b104,Mozilla/5.0 (Windows NT 10.0; Win64; x64) Chrome/141.0
2026-08-29 15:15:00,GET,/me/conversations,200,61,a92f4d18-6b77-4c55-9e02-1f3b7c8d4e6a,Mozilla/5.0 (Windows NT 10.0; Win64; x64) Chrome/141.0
2026-08-29 15:19:00,GET,/conversations/92276658-1e27-41c0-8a6a-63ec24ede6a4/messages,200,98,a92f4d18-6b77-4c55-9e02-1f3b7c8d4e6a,Mozilla/5.0 (Windows NT 10.0; Win64; x64) Chrome/141.0
2026-08-29 15:24:00,POST,/conversations,500,636,5e90694f-0aca-43e6-b6dd-68daa289b104,Mozilla/5.0 (Windows NT 10.0; Win64; x64) Chrome/141.0
2026-08-29 15:29:00,POST,/conversations,200,72,3fa85f64-5717-4562-b3fc-2c963f66afa6,Mozilla/5.0 (Windows NT 10.0; Win64; x64) Chrome/141.0
2026-08-29 15:35:00,POST,/conversations/66d22876-72fd-4202-aa96-fb1a14a0f9e7/messages,200,218,3fa85f64-5717-4562-b3fc-2c963f66afa6,Mozilla/5.0 (Windows NT 10.0; Win64; x64) Chrome/141.0
2026-08-29 15:40:00,GET,/me/conversations,200,20,,python-httpx/0.28.1
2026-08-29 15:41:00,GET,/conversations/57124242-5051-41cc-917f-9acae01f5057/messages,200,133,3fa85f64-5717-4562-b3fc-2c963f66afa6,Mozilla/5.0 (Windows NT 10.0; Win64; x64) Chrome/141.0
2026-08-29 15:41:00,GET,/me/conversations,200,62,,python-httpx/0.28.1
2026-08-29 15:42:00,GET,/me/conversations,200,45,,python-httpx/0.28.1
2026-08-29 15:43:00,GET,/me/conversations,200,33,,python-httpx/0.28.1
2026-08-29 15:44:00,GET,/me/conversations,200,21,,python-httpx/0.28.1
2026-08-29 15:45:00,GET,/me/conversations,200,60,,python-httpx/0.28.1
2026-08-29 15:46:00,GET,/me/conversations,200,47,,python-httpx/0.28.1
2026-08-29 15:46:00,POST,/conversations,200,89,3fa85f64-5717-4562-b3fc-2c963f66afa6,Mozilla/5.0 (Windows NT 10.0; Win64; x64) Chrome/141.0
2026-08-29 15:47:00,GET,/me/conversations,200,20,,python-httpx/0.28.1
2026-08-29 15:48:00,GET,/me/conversations,200,38,,python-httpx/0.28.1
2026-08-29 15:49:00,GET,/me/conversations,200,47,,python-httpx/0.28.1
2026-08-29 15:50:00,GET,/conversations/ca02135e-92b1-43f2-8ede-0d7ac3baea9e/messages,200,106,3fa85f64-5717-4562-b3fc-2c963f66afa6,Mozilla/5.0 (Windows NT 10.0; Win64; x64) Chrome/141.0
2026-08-29 15:50:00,GET,/me/conversations,200,59,,python-httpx/0.28.1
2026-08-29 15:50:00,GET,/conversations/ca02135e-92b1-43f2-8ede-0d7ac3baea9e/messages,200,106,3fa85f64-5717-4562-b3fc-2c963f66afa6,Mozilla/5.0 (Windows NT 10.0; Win64; x64) Chrome/141.0
2026-08-29 15:51:00,GET,/me/conversations,200,42,,python-httpx/0.28.1
2026-08-29 15:52:00,GET,/me/conversations,200,52,,python-httpx/0.28.1
2026-08-29 15:52:00,GET,/me,200,48,,Mozilla/5.0 (Windows NT 10.0; Win64; x64) Chrome/141.0
2026-08-29 15:53:00,GET,/me/conversations,200,41,,python-httpx/0.28.1
2026-08-29 15:54:00,GET,/me/conversations,200,50,,python-httpx/0.28.1
2026-08-29 15:55:00,GET,/me/conversations,200,36,,python-httpx/0.28.1
2026-08-29 15:56:00,GET,/me/conversations,500,308,3fa85f64-5717-4562-b3fc-2c963f66afa6,Mozilla/5.0 (Windows NT 10.0; Win64; x64) Chrome/141.0
2026-08-29 15:56:00,GET,/me/conversations,200,20,,python-httpx/0.28.1
2026-08-29 15:57:00,GET,/me/conversations,200,65,,python-httpx/0.28.1
2026-08-29 15:58:00,GET,/me/conversations,200,106,a92f4d18-6b77-4c55-9e02-1f3b7c8d4e6a,Mozilla/5.0 (Windows NT 10.0; Win64; x64) Chrome/141.0
2026-08-29 15:58:00,GET,/me/conversations,200,48,,python-httpx/0.28.1
2026-08-29 15:59:00,GET,/me/conversations,200,49,,python-httpx/0.28.1
2026-08-29 16:00:00,GET,/me/conversations,200,67,,python-httpx/0.28.1
2026-08-29 16:01:00,GET,/me/conversations,200,62,,python-httpx/0.28.1
2026-08-29 16:02:00,GET,/me/conversations,200,59,,python-httpx/0.28.1
2026-08-29 16:03:00,GET,/me/conversations,200,67,,python-httpx/0.28.1
2026-08-29 16:03:00,POST,/conversations/3f98e277-4cbd-47ad-9c90-a9587403e430/messages,200,192,5e90694f-0aca-43e6-b6dd-68daa289b104,Mozilla/5.0 (Windows NT 10.0; Win64; x64) Chrome/141.0
2026-08-29 16:04:00,GET,/me/conversations,200,56,,python-httpx/0.28.1
2026-08-29 16:05:00,GET,/me/conversations,200,56,,python-httpx/0.28.1
2026-08-29 16:05:00,GET,/conversations/5affb229-7631-4992-b0ce-583505c6af07/messages,200,126,3fa85f64-5717-4562-b3fc-2c963f66afa6,Mozilla/5.0 (Windows NT 10.0; Win64; x64) Chrome/141.0
2026-08-29 16:06:00,GET,/me/conversations,200,60,,python-httpx/0.28.1
2026-08-29 16:07:00,GET,/me/conversations,200,26,,python-httpx/0.28.1
2026-08-29 16:08:00,GET,/me/conversations,200,45,,python-httpx/0.28.1
2026-08-29 16:09:00,GET,/me/conversations,200,20,,python-httpx/0.28.1
2026-08-29 16:10:00,GET,/me/conversations,200,66,,python-httpx/0.28.1
2026-08-29 16:11:00,GET,/me/conversations,200,69,,python-httpx/0.28.1
2026-08-29 16:11:00,GET,/conversations/9be4bcfc-49b6-4a08-b2e6-cc3ababced20/messages,200,,5e90694f-0aca-43e6-b6dd-68daa289b104,Mozilla/5.0 (Windows NT 10.0; Win64; x64) Chrome/141.0
2026-08-29 16:12:00,GET,/me/conversations,200,38,,python-httpx/0.28.1
2026-08-29 16:13:00,GET,/me/conversations,200,40,,python-httpx/0.28.1
2026-08-29 16:14:00,GET,/me/conversations,200,48,,python-httpx/0.28.1
2026-08-29 16:15:00,GET,/me/conversations,200,36,,python-httpx/0.28.1
2026-08-29 16:15:00,GET,/me,200,50,7c1e9b02-44da-4f0e-9a31-8ad5c6f21b90,Mozilla/5.0 (Windows NT 10.0; Win64; x64) Chrome/141.0
2026-08-29 16:16:00,GET,/me/conversations,200,64,,python-httpx/0.28.1
2026-08-29 16:16:00,POST,/conversations,200,137,3fa85f64-5717-4562-b3fc-2c963f66afa6,Mozilla/5.0 (Windows NT 10.0; Win64; x64) Chrome/141.0
2026-08-29 16:17:00,GET,/me/conversations,200,54,,python-httpx/0.28.1
2026-08-29 16:18:00,GET,/me/conversations,200,21,,python-httpx/0.28.1
2026-08-29 16:19:00,GET,/me/conversations,200,46,,python-httpx/0.28.1
2026-08-29 16:22:00,GET,/conversations/4cdd2055-930d-4eaf-94f4-733f3e7d1bfb/messages,200,96,,Mozilla/5.0 (Windows NT 10.0; Win64; x64) Chrome/141.0
2026-08-29 16:25:00,POST,/conversations/6513270e-269e-4d37-b2a7-4de452e6b438/messages,200,75,3fa85f64-5717-4562-b3fc-2c963f66afa6,Mozilla/5.0 (Windows NT 10.0; Win64; x64) Chrome/141.0
2026-08-29 16:30:00,POST,/conversations,200,104,,Mozilla/5.0 (Windows NT 10.0; Win64; x64) Chrome/141.0
2026-08-29 16:35:00,POST,/conversations,200,81,5e90694f-0aca-43e6-b6dd-68daa289b104,Mozilla/5.0 (Windows NT 10.0; Win64; x64) Chrome/141.0
2026-08-29 16:36:00,GET,/me/conversations,200,52,3fa85f64-5717-4562-b3fc-2c963f66afa6,Mozilla/5.0 (Windows NT 10.0; Win64; x64) Chrome/141.0
2026-08-29 16:41:00,GET,/me/conversations,500,300,3fa85f64-5717-4562-b3fc-2c963f66afa6,Mozilla/5.0 (Windows NT 10.0; Win64; x64) Chrome/141.0
2026-08-29 16:42:00,POST,/conversations,200,140,a92f4d18-6b77-4c55-9e02-1f3b7c8d4e6a,Mozilla/5.0 (Windows NT 10.0; Win64; x64) Chrome/141.0
2026-08-29 16:43:00,GET,/me,200,51,5e90694f-0aca-43e6-b6dd-68daa289b104,Mozilla/5.0 (Windows NT 10.0; Win64; x64) Chrome/141.0
2026-08-29 16:45:00,POST,/conversations/57124242-5051-41cc-917f-9acae01f5057/messages,200,117,7c1e9b02-44da-4f0e-9a31-8ad5c6f21b90,Mozilla/5.0 (Windows NT 10.0; Win64; x64) Chrome/141.0
2026-08-29 16:48:00,POST,/conversations/ae658f33-fe3b-490b-93f4-48b3a5aa3c81/messages,200,100,,Mozilla/5.0 (Windows NT 10.0; Win64; x64) Chrome/141.0
2026-08-29 16:51:00,GET,/me/conversations,200,67,,Mozilla/5.0 (Windows NT 10.0; Win64; x64) Chrome/141.0
2026-08-29 16:56:00,GET,/me/conversations,200,47,a92f4d18-6b77-4c55-9e02-1f3b7c8d4e6a,Mozilla/5.0 (Windows NT 10.0; Win64; x64) Chrome/141.0
2026-08-29 17:02:00,GET,/me/conversations,200,73,a92f4d18-6b77-4c55-9e02-1f3b7c8d4e6a,Mozilla/5.0 (Windows NT 10.0; Win64; x64) Chrome/141.0
2026-08-29 17:04:00,GET,/me,200,41,3fa85f64-5717-4562-b3fc-2c963f66afa6,Mozilla/5.0 (Windows NT 10.0; Win64; x64) Chrome/141.0
2026-08-29 17:07:00,GET,/me,200,38,7c1e9b02-44da-4f0e-9a31-8ad5c6f21b90,Mozilla/5.0 (Windows NT 10.0; Win64; x64) Chrome/141.0
2026-08-29 17:13:00,GET,/me/conversations,200,56,7c1e9b02-44da-4f0e-9a31-8ad5c6f21b90,Mozilla/5.0 (Windows NT 10.0; Win64; x64) Chrome/141.0
2026-08-30 09:00:00,GET,/health,200,6,,python-httpx/0.28.1
2026-08-30 09:03:00,POST,/conversations/830e07bc-1e39-4f10-92bd-4acefaecbd38/messages,200,173,5e90694f-0aca-43e6-b6dd-68daa289b104,Mozilla/5.0 (Windows NT 10.0; Win64; x64) Chrome/141.0
2026-08-30 09:05:00,GET,/health,200,4,,python-httpx/0.28.1
2026-08-30 09:07:00,GET,/conversations/7f26144b-9828-4fcd-99a5-4a7bb1fee08f/messages,200,102,3fa85f64-5717-4562-b3fc-2c963f66afa6,Mozilla/5.0 (Windows NT 10.0; Win64; x64) Chrome/141.0
2026-08-30 09:09:00,GET,/conversations/10a3d6b2-aa05-411a-b271-5945795e8229/messages,200,75,7c1e9b02-44da-4f0e-9a31-8ad5c6f21b90,Mozilla/5.0 (Windows NT 10.0; Win64; x64) Chrome/141.0
2026-08-30 09:10:00,GET,/health,200,3,,python-httpx/0.28.1
2026-08-30 09:14:00,POST,/conversations/6b0d549b-6f03-475a-9600-a35a099950d8/messages,200,259,5e90694f-0aca-43e6-b6dd-68daa289b104,Mozilla/5.0 (Windows NT 10.0; Win64; x64) Chrome/141.0
2026-08-30 09:15:00,GET,/health,200,9,,python-httpx/0.28.1
2026-08-30 09:15:00,POST,/conversations/7f1b103c-df15-42b0-aab4-77d26415479c/messages,200,137,a92f4d18-6b77-4c55-9e02-1f3b7c8d4e6a,Mozilla/5.0 (Windows NT 10.0; Win64; x64) Chrome/141.0
2026-08-30 09:19:00,POST,/conversations,200,,3fa85f64-5717-4562-b3fc-2c963f66afa6,Mozilla/5.0 (Windows NT 10.0; Win64; x64) Chrome/141.0
2026-08-30 09:20:00,GET,/me,200,66,5e90694f-0aca-43e6-b6dd-68daa289b104,Mozilla/5.0 (Windows NT 10.0; Win64; x64) Chrome/141.0
2026-08-30 09:20:00,GET,/health,200,3,,python-httpx/0.28.1
2026-08-30 09:24:00,GET,/conversations/451abd81-f1d6-4ed6-97f5-e837d70820fe/messages,200,72,7c1e9b02-44da-4f0e-9a31-8ad5c6f21b90,Mozilla/5.0 (Windows NT 10.0; Win64; x64) Chrome/141.0
2026-08-30 09:25:00,GET,/health,200,5,,python-httpx/0.28.1
2026-08-30 09:26:00,POST,/conversations/57ee05cd-e009-42c7-bebf-f20686734721/messages,200,129,5e90694f-0aca-43e6-b6dd-68daa289b104,Mozilla/5.0 (Windows NT 10.0; Win64; x64) Chrome/141.0
2026-08-30 09:27:00,POST,/conversations,200,,,Mozilla/5.0 (Windows NT 10.0; Win64; x64) Chrome/141.0
2026-08-30 09:28:00,POST,/conversations/7e62aa0a-1df9-4d78-9c65-39382b0537e6/messages,200,201,7c1e9b02-44da-4f0e-9a31-8ad5c6f21b90,Mozilla/5.0 (Windows NT 10.0; Win64; x64) Chrome/141.0
2026-08-30 09:29:00,GET,/conversations/7f150524-34b9-45df-9e77-69b10f4205b4/messages,200,,5e90694f-0aca-43e6-b6dd-68daa289b104,Mozilla/5.0 (Windows NT 10.0; Win64; x64) Chrome/141.0
2026-08-30 09:30:00,GET,/health,200,3,,python-httpx/0.28.1
2026-08-30 09:35:00,GET,/health,200,6,,python-httpx/0.28.1
2026-08-30 09:35:00,GET,/conversations/c7a2ea20-b2f1-4c94-ae05-319acb5c7427/messages,200,99,5e90694f-0aca-43e6-b6dd-68daa289b104,Mozilla/5.0 (Windows NT 10.0; Win64; x64) Chrome/141.0
2026-08-30 09:40:00,GET,/health,200,4,,python-httpx/0.28.1
2026-08-30 09:40:00,GET,/conversations/13deef86-ab10-41d0-b646-e1f40a097c97/messages,200,148,5e90694f-0aca-43e6-b6dd-68daa289b104,Mozilla/5.0 (Windows NT 10.0; Win64; x64) Chrome/141.0
2026-08-30 09:45:00,GET,/health,200,9,,python-httpx/0.28.1
2026-08-30 09:46:00,POST,/conversations,200,107,5e90694f-0aca-43e6-b6dd-68daa289b104,Mozilla/5.0 (Windows NT 10.0; Win64; x64) Chrome/141.0
2026-08-30 09:48:00,GET,/me,200,51,a92f4d18-6b77-4c55-9e02-1f3b7c8d4e6a,Mozilla/5.0 (Windows NT 10.0; Win64; x64) Chrome/141.0
2026-08-30 09:50:00,GET,/me/conversations,200,71,3fa85f64-5717-4562-b3fc-2c963f66afa6,Mozilla/5.0 (Windows NT 10.0; Win64; x64) Chrome/141.0
2026-08-30 09:50:00,GET,/health,200,7,,python-httpx/0.28.1
2026-08-30 09:55:00,POST,/conversations,200,103,,Mozilla/5.0 (Windows NT 10.0; Win64; x64) Chrome/141.0
2026-08-30 09:55:00,GET,/health,200,8,,python-httpx/0.28.1
2026-08-30 09:59:00,GET,/conversations/58d5563d-ab2c-431e-a315-128862c33a4f/messages,200,185,5e90694f-0aca-43e6-b6dd-68daa289b104,Mozilla/5.0 (Windows NT 10.0; Win64; x64) Chrome/141.0
2026-08-30 09:59:00,GET,/conversations/58d5563d-ab2c-431e-a315-128862c33a4f/messages,200,185,5e90694f-0aca-43e6-b6dd-68daa289b104,Mozilla/5.0 (Windows NT 10.0; Win64; x64) Chrome/141.0
2026-08-30 10:00:00,GET,/health,200,2,,python-httpx/0.28.1
2026-08-30 10:04:00,GET,/me,200,39,5e90694f-0aca-43e6-b6dd-68daa289b104,Mozilla/5.0 (Windows NT 10.0; Win64; x64) Chrome/141.0
2026-08-30 10:05:00,GET,/health,200,9,,python-httpx/0.28.1
2026-08-30 10:10:00,GET,/me/conversations,200,22,7c1e9b02-44da-4f0e-9a31-8ad5c6f21b90,Mozilla/5.0 (Windows NT 10.0; Win64; x64) Chrome/141.0
2026-08-30 10:10:00,GET,/health,200,4,,python-httpx/0.28.1
2026-08-30 10:15:00,GET,/health,200,6,,python-httpx/0.28.1
2026-08-30 10:16:00,POST,/conversations/7e62aa0a-1df9-4d78-9c65-39382b0537e6/messages,200,137,5e90694f-0aca-43e6-b6dd-68daa289b104,Mozilla/5.0 (Windows NT 10.0; Win64; x64) Chrome/141.0
2026-08-30 10:20:00,GET,/conversations/b774eb52-48db-40af-b215-8370d269a9a5/messages,200,103,,Mozilla/5.0 (Windows NT 10.0; Win64; x64) Chrome/141.0
2026-08-30 10:20:00,GET,/health,200,8,,python-httpx/0.28.1
2026-08-30 10:25:00,GET,/health,200,9,,python-httpx/0.28.1
2026-08-30 10:25:00,GET,/me/conversations,200,,3fa85f64-5717-4562-b3fc-2c963f66afa6,Mozilla/5.0 (Windows NT 10.0; Win64; x64) Chrome/141.0
2026-08-30 10:29:00,POST,/conversations/4f426dcb-b394-4b36-bb2d-420f0f88080b/messages,200,124,5e90694f-0aca-43e6-b6dd-68daa289b104,Mozilla/5.0 (Windows NT 10.0; Win64; x64) Chrome/141.0
2026-08-30 10:30:00,GET,/health,200,6,,python-httpx/0.28.1
2026-08-30 10:31:00,GET,/me/conversations,404,89,3fa85f64-5717-4562-b3fc-2c963f66afa6,Mozilla/5.0 (Windows NT 10.0; Win64; x64) Chrome/141.0
2026-08-30 10:32:00,GET,/me/conversations,200,68,a92f4d18-6b77-4c55-9e02-1f3b7c8d4e6a,Mozilla/5.0 (Windows NT 10.0; Win64; x64) Chrome/141.0
2026-08-30 10:35:00,GET,/health,200,7,,python-httpx/0.28.1
2026-08-30 10:36:00,POST,/conversations/13deef86-ab10-41d0-b646-e1f40a097c97/messages,200,137,5e90694f-0aca-43e6-b6dd-68daa289b104,Mozilla/5.0 (Windows NT 10.0; Win64; x64) Chrome/141.0
2026-08-30 10:38:00,GET,/me/conversations,200,31,,Mozilla/5.0 (Windows NT 10.0; Win64; x64) Chrome/141.0
2026-08-30 10:40:00,GET,/health,200,8,,python-httpx/0.28.1
2026-08-30 10:44:00,GET,/me/conversations,200,90,3fa85f64-5717-4562-b3fc-2c963f66afa6,Mozilla/5.0 (Windows NT 10.0; Win64; x64) Chrome/141.0
2026-08-30 10:45:00,GET,/health,200,8,,python-httpx/0.28.1
2026-08-30 10:45:00,GET,/me/conversations,200,73,a92f4d18-6b77-4c55-9e02-1f3b7c8d4e6a,Mozilla/5.0 (Windows NT 10.0; Win64; x64) Chrome/141.0
2026-08-30 10:50:00,GET,/health,200,9,,python-httpx/0.28.1
2026-08-30 10:51:00,GET,/me/conversations,200,82,5e90694f-0aca-43e6-b6dd-68daa289b104,Mozilla/5.0 (Windows NT 10.0; Win64; x64) Chrome/141.0
2026-08-30 10:54:00,POST,/conversations/9be4bcfc-49b6-4a08-b2e6-cc3ababced20/messages,404,160,7c1e9b02-44da-4f0e-9a31-8ad5c6f21b90,Mozilla/5.0 (Windows NT 10.0; Win64; x64) Chrome/141.0
2026-08-30 10:55:00,GET,/health,200,8,,python-httpx/0.28.1
2026-08-30 10:57:00,POST,/conversations,200,74,3fa85f64-5717-4562-b3fc-2c963f66afa6,Mozilla/5.0 (Windows NT 10.0; Win64; x64) Chrome/141.0
2026-08-30 10:59:00,POST,/conversations/66d22876-72fd-4202-aa96-fb1a14a0f9e7/messages,200,180,3fa85f64-5717-4562-b3fc-2c963f66afa6,Mozilla/5.0 (Windows NT 10.0; Win64; x64) Chrome/141.0
2026-08-30 11:00:00,GET,/health,200,9,,python-httpx/0.28.1
2026-08-30 11:05:00,GET,/me,200,31,5e90694f-0aca-43e6-b6dd-68daa289b104,Mozilla/5.0 (Windows NT 10.0; Win64; x64) Chrome/141.0
2026-08-30 11:05:00,GET,/health,200,4,,python-httpx/0.28.1
2026-08-30 11:06:00,POST,/conversations/923a7369-94e3-4f91-9a61-dbe22e44158b/messages,200,122,7c1e9b02-44da-4f0e-9a31-8ad5c6f21b90,Mozilla/5.0 (Windows NT 10.0; Win64; x64) Chrome/141.0
2026-08-30 11:08:00,POST,/conversations,200,80,3fa85f64-5717-4562-b3fc-2c963f66afa6,Mozilla/5.0 (Windows NT 10.0; Win64; x64) Chrome/141.0
2026-08-30 11:10:00,GET,/health,200,3,,python-httpx/0.28.1
2026-08-30 11:12:00,POST,/conversations/3f98e277-4cbd-47ad-9c90-a9587403e430/messages,200,145,3fa85f64-5717-4562-b3fc-2c963f66afa6,Mozilla/5.0 (Windows NT 10.0; Win64; x64) Chrome/141.0
2026-08-30 11:12:00,POST,/conversations/3f98e277-4cbd-47ad-9c90-a9587403e430/messages,200,145,3fa85f64-5717-4562-b3fc-2c963f66afa6,Mozilla/5.0 (Windows NT 10.0; Win64; x64) Chrome/141.0
2026-08-30 11:14:00,GET,/conversations/18f135d2-5f55-4203-b018-50c5a38fd547/messages,200,107,7c1e9b02-44da-4f0e-9a31-8ad5c6f21b90,Mozilla/5.0 (Windows NT 10.0; Win64; x64) Chrome/141.0
2026-08-30 11:15:00,GET,/health,200,7,,python-httpx/0.28.1
2026-08-30 11:17:00,GET,/conversations/4cdd2055-930d-4eaf-94f4-733f3e7d1bfb/messages,200,84,5e90694f-0aca-43e6-b6dd-68daa289b104,Mozilla/5.0 (Windows NT 10.0; Win64; x64) Chrome/141.0
2026-08-30 11:20:00,GET,/health,200,5,,python-httpx/0.28.1
2026-08-30 11:21:00,GET,/conversations/3f98e277-4cbd-47ad-9c90-a9587403e430/messages,200,107,5e90694f-0aca-43e6-b6dd-68daa289b104,Mozilla/5.0 (Windows NT 10.0; Win64; x64) Chrome/141.0
2026-08-30 11:23:00,GET,/conversations/c6f87718-6d76-407e-881e-d162ae2eb154/messages,200,90,3fa85f64-5717-4562-b3fc-2c963f66afa6,Mozilla/5.0 (Windows NT 10.0; Win64; x64) Chrome/141.0
2026-08-30 11:25:00,GET,/health,200,7,,python-httpx/0.28.1
2026-08-30 11:29:00,GET,/me/conversations,404,54,3fa85f64-5717-4562-b3fc-2c963f66afa6,Mozilla/5.0 (Windows NT 10.0; Win64; x64) Chrome/141.0
2026-08-30 11:30:00,GET,/me/conversations,200,71,7c1e9b02-44da-4f0e-9a31-8ad5c6f21b90,Mozilla/5.0 (Windows NT 10.0; Win64; x64) Chrome/141.0
2026-08-30 11:30:00,GET,/health,200,9,,python-httpx/0.28.1
2026-08-30 11:35:00,GET,/me,200,35,5e90694f-0aca-43e6-b6dd-68daa289b104,Mozilla/5.0 (Windows NT 10.0; Win64; x64) Chrome/141.0
2026-08-30 11:35:00,GET,/health,200,3,,python-httpx/0.28.1
2026-08-30 11:40:00,POST,/conversations/ca02135e-92b1-43f2-8ede-0d7ac3baea9e/messages,200,104,a92f4d18-6b77-4c55-9e02-1f3b7c8d4e6a,Mozilla/5.0 (Windows NT 10.0; Win64; x64) Chrome/141.0
2026-08-30 11:40:00,GET,/health,200,9,,python-httpx/0.28.1
2026-08-30 11:40:00,POST,/conversations/ca02135e-92b1-43f2-8ede-0d7ac3baea9e/messages,200,104,a92f4d18-6b77-4c55-9e02-1f3b7c8d4e6a,Mozilla/5.0 (Windows NT 10.0; Win64; x64) Chrome/141.0
2026-08-30 11:43:00,GET,/conversations/36f675cc-81e7-4ef5-a8e2-5d940ed90475/messages,500,264,7c1e9b02-44da-4f0e-9a31-8ad5c6f21b90,Mozilla/5.0 (Windows NT 10.0; Win64; x64) Chrome/141.0
2026-08-30 11:45:00,GET,/me/conversations,200,78,7c1e9b02-44da-4f0e-9a31-8ad5c6f21b90,Mozilla/5.0 (Windows NT 10.0; Win64; x64) Chrome/141.0
2026-08-30 11:45:00,GET,/health,200,3,,python-httpx/0.28.1
2026-08-30 11:47:00,POST,/conversations,200,,7c1e9b02-44da-4f0e-9a31-8ad5c6f21b90,Mozilla/5.0 (Windows NT 10.0; Win64; x64) Chrome/141.0
2026-08-30 11:50:00,GET,/health,200,2,,python-httpx/0.28.1
2026-08-30 11:51:00,POST,/conversations,200,168,a92f4d18-6b77-4c55-9e02-1f3b7c8d4e6a,Mozilla/5.0 (Windows NT 10.0; Win64; x64) Chrome/141.0
2026-08-30 11:53:00,GET,/me/conversations,200,43,a92f4d18-6b77-4c55-9e02-1f3b7c8d4e6a,Mozilla/5.0 (Windows NT 10.0; Win64; x64) Chrome/141.0
2026-08-30 11:55:00,GET,/me/conversations,200,68,5e90694f-0aca-43e6-b6dd-68daa289b104,Mozilla/5.0 (Windows NT 10.0; Win64; x64) Chrome/141.0
2026-08-30 11:55:00,GET,/health,200,8,,python-httpx/0.28.1
2026-08-30 11:57:00,GET,/conversations/18f135d2-5f55-4203-b018-50c5a38fd547/messages,200,122,a92f4d18-6b77-4c55-9e02-1f3b7c8d4e6a,Mozilla/5.0 (Windows NT 10.0; Win64; x64) Chrome/141.0
2026-08-30 12:00:00,GET,/health,200,3,,python-httpx/0.28.1
2026-08-30 12:03:00,GET,/me/conversations,200,43,a92f4d18-6b77-4c55-9e02-1f3b7c8d4e6a,Mozilla/5.0 (Windows NT 10.0; Win64; x64) Chrome/141.0
2026-08-30 12:05:00,GET,/health,200,4,,python-httpx/0.28.1
2026-08-30 12:07:00,GET,/conversations/7f26144b-9828-4fcd-99a5-4a7bb1fee08f/messages,200,62,a92f4d18-6b77-4c55-9e02-1f3b7c8d4e6a,Mozilla/5.0 (Windows NT 10.0; Win64; x64) Chrome/141.0
2026-08-30 12:10:00,GET,/health,200,8,,python-httpx/0.28.1
2026-08-30 12:10:00,POST,/conversations,200,,3fa85f64-5717-4562-b3fc-2c963f66afa6,Mozilla/5.0 (Windows NT 10.0; Win64; x64) Chrome/141.0
2026-08-30 12:15:00,GET,/health,200,9,,python-httpx/0.28.1
2026-08-30 12:15:00,GET,/conversations/3f98e277-4cbd-47ad-9c90-a9587403e430/messages,200,101,3fa85f64-5717-4562-b3fc-2c963f66afa6,Mozilla/5.0 (Windows NT 10.0; Win64; x64) Chrome/141.0
2026-08-30 12:18:00,GET,/conversations/57ee05cd-e009-42c7-bebf-f20686734721/messages,200,75,3fa85f64-5717-4562-b3fc-2c963f66afa6,Mozilla/5.0 (Windows NT 10.0; Win64; x64) Chrome/141.0
2026-08-30 12:19:00,GET,/me,200,46,7c1e9b02-44da-4f0e-9a31-8ad5c6f21b90,Mozilla/5.0 (Windows NT 10.0; Win64; x64) Chrome/141.0
2026-08-30 12:20:00,GET,/health,200,9,,python-httpx/0.28.1
2026-08-30 12:22:00,POST,/conversations/5790f82e-c1d3-4cff-aa3a-f4d46b0a18e8/messages,200,,5e90694f-0aca-43e6-b6dd-68daa289b104,Mozilla/5.0 (Windows NT 10.0; Win64; x64) Chrome/141.0
2026-08-30 12:24:00,GET,/conversations/4f426dcb-b394-4b36-bb2d-420f0f88080b/messages,200,81,a92f4d18-6b77-4c55-9e02-1f3b7c8d4e6a,Mozilla/5.0 (Windows NT 10.0; Win64; x64) Chrome/141.0
2026-08-30 12:25:00,GET,/health,200,5,,python-httpx/0.28.1
2026-08-30 12:30:00,GET,/conversations/57124242-5051-41cc-917f-9acae01f5057/messages,200,93,3fa85f64-5717-4562-b3fc-2c963f66afa6,Mozilla/5.0 (Windows NT 10.0; Win64; x64) Chrome/141.0
2026-08-30 12:30:00,GET,/health,200,8,,python-httpx/0.28.1
2026-08-30 12:32:00,POST,/conversations,200,120,3fa85f64-5717-4562-b3fc-2c963f66afa6,Mozilla/5.0 (Windows NT 10.0; Win64; x64) Chrome/141.0
2026-08-30 12:35:00,GET,/health,200,9,,python-httpx/0.28.1
2026-08-30 12:36:00,GET,/me/conversations,200,43,a92f4d18-6b77-4c55-9e02-1f3b7c8d4e6a,Mozilla/5.0 (Windows NT 10.0; Win64; x64) Chrome/141.0
2026-08-30 12:36:00,GET,/me/conversations,200,43,a92f4d18-6b77-4c55-9e02-1f3b7c8d4e6a,Mozilla/5.0 (Windows NT 10.0; Win64; x64) Chrome/141.0
2026-08-30 12:40:00,GET,/health,200,4,,python-httpx/0.28.1
2026-08-30 12:42:00,POST,/conversations/a170b338-3926-4059-b28c-105d1fb17c23/messages,200,211,a92f4d18-6b77-4c55-9e02-1f3b7c8d4e6a,Mozilla/5.0 (Windows NT 10.0; Win64; x64) Chrome/141.0
2026-08-30 12:45:00,GET,/health,200,6,,python-httpx/0.28.1
2026-08-30 12:46:00,GET,/conversations/3f98e277-4cbd-47ad-9c90-a9587403e430/messages,200,138,,Mozilla/5.0 (Windows NT 10.0; Win64; x64) Chrome/141.0
2026-08-30 12:49:00,POST,/conversations,500,316,5e90694f-0aca-43e6-b6dd-68daa289b104,Mozilla/5.0 (Windows NT 10.0; Win64; x64) Chrome/141.0
2026-08-30 12:50:00,GET,/health,200,3,,python-httpx/0.28.1
2026-08-30 12:54:00,GET,/conversations/b774eb52-48db-40af-b215-8370d269a9a5/messages,200,148,a92f4d18-6b77-4c55-9e02-1f3b7c8d4e6a,Mozilla/5.0 (Windows NT 10.0; Win64; x64) Chrome/141.0
2026-08-30 12:55:00,GET,/health,200,6,,python-httpx/0.28.1
2026-08-30 12:57:00,POST,/conversations,200,242,3fa85f64-5717-4562-b3fc-2c963f66afa6,Mozilla/5.0 (Windows NT 10.0; Win64; x64) Chrome/141.0
2026-08-30 13:00:00,GET,/health,200,3,,python-httpx/0.28.1
2026-08-30 13:03:00,GET,/conversations/8d116ece-1738-47d9-bd9c-172411e20b8f/messages,200,71,5e90694f-0aca-43e6-b6dd-68daa289b104,Mozilla/5.0 (Windows NT 10.0; Win64; x64) Chrome/141.0
2026-08-30 13:05:00,GET,/health,200,9,,python-httpx/0.28.1
2026-08-30 13:05:00,GET,/me/conversations,200,43,3fa85f64-5717-4562-b3fc-2c963f66afa6,Mozilla/5.0 (Windows NT 10.0; Win64; x64) Chrome/141.0
2026-08-30 13:07:00,GET,/me/conversations,200,,,Mozilla/5.0 (Windows NT 10.0; Win64; x64) Chrome/141.0
2026-08-30 13:10:00,GET,/health,200,5,,python-httpx/0.28.1
2026-08-30 13:13:00,GET,/conversations/c6f87718-6d76-407e-881e-d162ae2eb154/messages,500,396,a92f4d18-6b77-4c55-9e02-1f3b7c8d4e6a,Mozilla/5.0 (Windows NT 10.0; Win64; x64) Chrome/141.0
2026-08-30 13:15:00,GET,/health,200,8,,python-httpx/0.28.1
2026-08-30 13:17:00,GET,/me/conversations,200,46,3fa85f64-5717-4562-b3fc-2c963f66afa6,Mozilla/5.0 (Windows NT 10.0; Win64; x64) Chrome/141.0
2026-08-30 13:20:00,POST,/conversations,200,,5e90694f-0aca-43e6-b6dd-68daa289b104,Mozilla/5.0 (Windows NT 10.0; Win64; x64) Chrome/141.0
2026-08-30 13:20:00,POST,/conversations,200,,5e90694f-0aca-43e6-b6dd-68daa289b104,Mozilla/5.0 (Windows NT 10.0; Win64; x64) Chrome/141.0
2026-08-30 13:20:00,GET,/health,200,9,,python-httpx/0.28.1
2026-08-30 13:25:00,GET,/conversations/7f1b103c-df15-42b0-aab4-77d26415479c/messages,500,336,7c1e9b02-44da-4f0e-9a31-8ad5c6f21b90,Mozilla/5.0 (Windows NT 10.0; Win64; x64) Chrome/141.0
2026-08-30 13:25:00,GET,/health,200,7,,python-httpx/0.28.1
2026-08-30 13:29:00,GET,/me/conversations,200,72,3fa85f64-5717-4562-b3fc-2c963f66afa6,Mozilla/5.0 (Windows NT 10.0; Win64; x64) Chrome/141.0
2026-08-30 13:30:00,GET,/health,200,3,,python-httpx/0.28.1
2026-08-30 13:33:00,GET,/me/conversations,200,83,,Mozilla/5.0 (Windows NT 10.0; Win64; x64) Chrome/141.0
2026-08-30 13:35:00,GET,/health,200,3,,python-httpx/0.28.1
2026-08-30 13:36:00,GET,/conversations/4cdd2055-930d-4eaf-94f4-733f3e7d1bfb/messages,200,67,a92f4d18-6b77-4c55-9e02-1f3b7c8d4e6a,Mozilla/5.0 (Windows NT 10.0; Win64; x64) Chrome/141.0
2026-08-30 13:39:00,GET,/me/conversations,200,72,5e90694f-0aca-43e6-b6dd-68daa289b104,Mozilla/5.0 (Windows NT 10.0; Win64; x64) Chrome/141.0
2026-08-30 13:40:00,GET,/health,200,3,,python-httpx/0.28.1
2026-08-30 13:41:00,GET,/conversations/18f135d2-5f55-4203-b018-50c5a38fd547/messages,200,121,a92f4d18-6b77-4c55-9e02-1f3b7c8d4e6a,Mozilla/5.0 (Windows NT 10.0; Win64; x64) Chrome/141.0
2026-08-30 13:43:00,GET,/conversations/8e81973e-0bec-47b0-b898-d190f9ebdacc/messages,200,66,7c1e9b02-44da-4f0e-9a31-8ad5c6f21b90,Mozilla/5.0 (Windows NT 10.0; Win64; x64) Chrome/141.0
2026-08-30 13:45:00,GET,/health,200,2,,python-httpx/0.28.1
2026-08-30 13:47:00,POST,/conversations/6513270e-269e-4d37-b2a7-4de452e6b438/messages,200,146,7c1e9b02-44da-4f0e-9a31-8ad5c6f21b90,Mozilla/5.0 (Windows NT 10.0; Win64; x64) Chrome/141.0
2026-08-30 13:49:00,GET,/conversations/57ee05cd-e009-42c7-bebf-f20686734721/messages,200,95,a92f4d18-6b77-4c55-9e02-1f3b7c8d4e6a,Mozilla/5.0 (Windows NT 10.0; Win64; x64) Chrome/141.0
2026-08-30 13:50:00,GET,/health,200,9,,python-httpx/0.28.1
2026-08-30 13:55:00,GET,/me/conversations,200,15,a92f4d18-6b77-4c55-9e02-1f3b7c8d4e6a,Mozilla/5.0 (Windows NT 10.0; Win64; x64) Chrome/141.0
2026-08-30 13:55:00,GET,/health,200,2,,python-httpx/0.28.1
2026-08-30 14:01:00,GET,/conversations/66d22876-72fd-4202-aa96-fb1a14a0f9e7/messages,200,132,7c1e9b02-44da-4f0e-9a31-8ad5c6f21b90,Mozilla/5.0 (Windows NT 10.0; Win64; x64) Chrome/141.0
2026-08-30 14:01:00,GET,/conversations/66d22876-72fd-4202-aa96-fb1a14a0f9e7/messages,200,132,7c1e9b02-44da-4f0e-9a31-8ad5c6f21b90,Mozilla/5.0 (Windows NT 10.0; Win64; x64) Chrome/141.0
2026-08-30 14:07:00,GET,/conversations/6513270e-269e-4d37-b2a7-4de452e6b438/messages,200,40,5e90694f-0aca-43e6-b6dd-68daa289b104,Mozilla/5.0 (Windows NT 10.0; Win64; x64) Chrome/141.0
2026-08-30 14:08:00,GET,/conversations/57ee05cd-e009-42c7-bebf-f20686734721/messages,200,55,7c1e9b02-44da-4f0e-9a31-8ad5c6f21b90,Mozilla/5.0 (Windows NT 10.0; Win64; x64) Chrome/141.0
2026-08-30 14:14:00,GET,/me/conversations,200,70,3fa85f64-5717-4562-b3fc-2c963f66afa6,Mozilla/5.0 (Windows NT 10.0; Win64; x64) Chrome/141.0
2026-08-30 14:16:00,POST,/conversations,200,101,3fa85f64-5717-4562-b3fc-2c963f66afa6,Mozilla/5.0 (Windows NT 10.0; Win64; x64) Chrome/141.0
2026-08-30 14:19:00,GET,/conversations/7f150524-34b9-45df-9e77-69b10f4205b4/messages,200,,5e90694f-0aca-43e6-b6dd-68daa289b104,Mozilla/5.0 (Windows NT 10.0; Win64; x64) Chrome/141.0
2026-08-30 14:20:00,GET,/conversations/a170b338-3926-4059-b28c-105d1fb17c23/messages,200,40,7c1e9b02-44da-4f0e-9a31-8ad5c6f21b90,Mozilla/5.0 (Windows NT 10.0; Win64; x64) Chrome/141.0
2026-08-30 14:24:00,GET,/me/conversations,200,,7c1e9b02-44da-4f0e-9a31-8ad5c6f21b90,Mozilla/5.0 (Windows NT 10.0; Win64; x64) Chrome/141.0
2026-08-30 14:29:00,GET,/conversations/830e07bc-1e39-4f10-92bd-4acefaecbd38/messages,200,,7c1e9b02-44da-4f0e-9a31-8ad5c6f21b90,Mozilla/5.0 (Windows NT 10.0; Win64; x64) Chrome/141.0
2026-08-30 14:31:00,GET,/me,200,41,3fa85f64-5717-4562-b3fc-2c963f66afa6,Mozilla/5.0 (Windows NT 10.0; Win64; x64) Chrome/141.0
2026-08-30 14:34:00,GET,/conversations/36f675cc-81e7-4ef5-a8e2-5d940ed90475/messages,200,61,5e90694f-0aca-43e6-b6dd-68daa289b104,Mozilla/5.0 (Windows NT 10.0; Win64; x64) Chrome/141.0
2026-08-30 14:36:00,GET,/conversations/58d5563d-ab2c-431e-a315-128862c33a4f/messages,200,105,,Mozilla/5.0 (Windows NT 10.0; Win64; x64) Chrome/141.0
2026-08-30 14:39:00,GET,/me,200,35,5e90694f-0aca-43e6-b6dd-68daa289b104,Mozilla/5.0 (Windows NT 10.0; Win64; x64) Chrome/141.0
2026-08-30 14:42:00,GET,/me,200,43,,Mozilla/5.0 (Windows NT 10.0; Win64; x64) Chrome/141.0
2026-08-30 14:46:00,GET,/me/conversations,200,83,a92f4d18-6b77-4c55-9e02-1f3b7c8d4e6a,Mozilla/5.0 (Windows NT 10.0; Win64; x64) Chrome/141.0
2026-08-30 14:51:00,GET,/me/conversations,200,95,5e90694f-0aca-43e6-b6dd-68daa289b104,Mozilla/5.0 (Windows NT 10.0; Win64; x64) Chrome/141.0
2026-08-30 14:57:00,GET,/conversations/90c192cf-d3ac-44af-8f21-ddb66cad4a26/messages,200,,a92f4d18-6b77-4c55-9e02-1f3b7c8d4e6a,Mozilla/5.0 (Windows NT 10.0; Win64; x64) Chrome/141.0
2026-08-30 15:03:00,POST,/conversations/ae97ba94-d0ed-482f-8f6d-05584ef8aa38/messages,200,,5e90694f-0aca-43e6-b6dd-68daa289b104,Mozilla/5.0 (Windows NT 10.0; Win64; x64) Chrome/141.0
2026-08-30 15:08:00,GET,/conversations/ae658f33-fe3b-490b-93f4-48b3a5aa3c81/messages,200,96,5e90694f-0aca-43e6-b6dd-68daa289b104,Mozilla/5.0 (Windows NT 10.0; Win64; x64) Chrome/141.0
2026-08-30 15:11:00,GET,/me/conversations,200,105,a92f4d18-6b77-4c55-9e02-1f3b7c8d4e6a,Mozilla/5.0 (Windows NT 10.0; Win64; x64) Chrome/141.0
2026-08-30 15:12:00,GET,/me/conversations,200,104,3fa85f64-5717-4562-b3fc-2c963f66afa6,Mozilla/5.0 (Windows NT 10.0; Win64; x64) Chrome/141.0
2026-08-30 15:18:00,POST,/conversations/ca02135e-92b1-43f2-8ede-0d7ac3baea9e/messages,200,184,3fa85f64-5717-4562-b3fc-2c963f66afa6,Mozilla/5.0 (Windows NT 10.0; Win64; x64) Chrome/141.0
2026-08-30 15:24:00,GET,/conversations/0cb1e29c-658c-4a14-95e6-0af593bd04cf/messages,200,112,3fa85f64-5717-4562-b3fc-2c963f66afa6,Mozilla/5.0 (Windows NT 10.0; Win64; x64) Chrome/141.0
2026-08-30 15:25:00,GET,/conversations/7f1b103c-df15-42b0-aab4-77d26415479c/messages,200,112,3fa85f64-5717-4562-b3fc-2c963f66afa6,Mozilla/5.0 (Windows NT 10.0; Win64; x64) Chrome/141.0
2026-08-30 15:30:00,GET,/me/conversations,200,23,7c1e9b02-44da-4f0e-9a31-8ad5c6f21b90,Mozilla/5.0 (Windows NT 10.0; Win64; x64) Chrome/141.0
2026-08-30 15:32:00,POST,/conversations/923a7369-94e3-4f91-9a61-dbe22e44158b/messages,200,100,5e90694f-0aca-43e6-b6dd-68daa289b104,Mozilla/5.0 (Windows NT 10.0; Win64; x64) Chrome/141.0
2026-08-30 15:38:00,POST,/conversations/6bf46c69-7d2c-4f82-aeea-cbe226e87555/messages,404,208,5e90694f-0aca-43e6-b6dd-68daa289b104,Mozilla/5.0 (Windows NT 10.0; Win64; x64) Chrome/141.0
2026-08-30 15:38:00,POST,/conversations/6bf46c69-7d2c-4f82-aeea-cbe226e87555/messages,404,208,5e90694f-0aca-43e6-b6dd-68daa289b104,Mozilla/5.0 (Windows NT 10.0; Win64; x64) Chrome/141.0
2026-08-30 15:40:00,GET,/me/conversations,200,38,,python-httpx/0.28.1
2026-08-30 15:41:00,GET,/me/conversations,200,22,,python-httpx/0.28.1
2026-08-30 15:42:00,GET,/me/conversations,200,29,,python-httpx/0.28.1
2026-08-30 15:43:00,GET,/conversations/8d116ece-1738-47d9-bd9c-172411e20b8f/messages,404,130,3fa85f64-5717-4562-b3fc-2c963f66afa6,Mozilla/5.0 (Windows NT 10.0; Win64; x64) Chrome/141.0
2026-08-30 15:43:00,GET,/me/conversations,200,70,,python-httpx/0.28.1
2026-08-30 15:44:00,GET,/me/conversations,200,64,,python-httpx/0.28.1
2026-08-30 15:45:00,GET,/me/conversations,200,59,,python-httpx/0.28.1
2026-08-30 15:45:00,GET,/me,200,30,5e90694f-0aca-43e6-b6dd-68daa289b104,Mozilla/5.0 (Windows NT 10.0; Win64; x64) Chrome/141.0
2026-08-30 15:46:00,GET,/me/conversations,200,35,,python-httpx/0.28.1
2026-08-30 15:46:00,POST,/conversations/90c192cf-d3ac-44af-8f21-ddb66cad4a26/messages,200,151,5e90694f-0aca-43e6-b6dd-68daa289b104,Mozilla/5.0 (Windows NT 10.0; Win64; x64) Chrome/141.0
2026-08-30 15:47:00,GET,/me/conversations,200,33,,python-httpx/0.28.1
2026-08-30 15:48:00,GET,/me/conversations,200,22,,python-httpx/0.28.1
2026-08-30 15:49:00,GET,/me/conversations,200,39,,python-httpx/0.28.1
2026-08-30 15:50:00,GET,/me/conversations,200,38,,python-httpx/0.28.1
2026-08-30 15:51:00,GET,/me/conversations,200,45,,python-httpx/0.28.1
2026-08-30 15:51:00,GET,/me/conversations,200,79,a92f4d18-6b77-4c55-9e02-1f3b7c8d4e6a,Mozilla/5.0 (Windows NT 10.0; Win64; x64) Chrome/141.0
2026-08-30 15:51:00,GET,/me/conversations,200,79,a92f4d18-6b77-4c55-9e02-1f3b7c8d4e6a,Mozilla/5.0 (Windows NT 10.0; Win64; x64) Chrome/141.0
2026-08-30 15:52:00,GET,/me/conversations,200,40,,python-httpx/0.28.1
2026-08-30 15:53:00,GET,/me/conversations,200,60,,python-httpx/0.28.1
2026-08-30 15:54:00,GET,/me/conversations,200,34,,python-httpx/0.28.1
2026-08-30 15:54:00,POST,/conversations,200,106,3fa85f64-5717-4562-b3fc-2c963f66afa6,Mozilla/5.0 (Windows NT 10.0; Win64; x64) Chrome/141.0
2026-08-30 15:55:00,GET,/me/conversations,200,45,,python-httpx/0.28.1
2026-08-30 15:56:00,GET,/me/conversations,200,57,,python-httpx/0.28.1
2026-08-30 15:57:00,POST,/conversations/6bf46c69-7d2c-4f82-aeea-cbe226e87555/messages,200,69,3fa85f64-5717-4562-b3fc-2c963f66afa6,Mozilla/5.0 (Windows NT 10.0; Win64; x64) Chrome/141.0
2026-08-30 15:57:00,GET,/me/conversations,200,56,,python-httpx/0.28.1
2026-08-30 15:58:00,GET,/me/conversations,200,39,,python-httpx/0.28.1
2026-08-30 15:59:00,GET,/me/conversations,200,57,,python-httpx/0.28.1
2026-08-30 16:00:00,GET,/me/conversations,200,62,,python-httpx/0.28.1
2026-08-30 16:01:00,GET,/me/conversations,200,61,,python-httpx/0.28.1
2026-08-30 16:02:00,GET,/me/conversations,200,52,,python-httpx/0.28.1
2026-08-30 16:03:00,GET,/me/conversations,200,22,,python-httpx/0.28.1
2026-08-30 16:03:00,GET,/me/conversations,200,54,a92f4d18-6b77-4c55-9e02-1f3b7c8d4e6a,Mozilla/5.0 (Windows NT 10.0; Win64; x64) Chrome/141.0
2026-08-30 16:04:00,GET,/conversations/830e07bc-1e39-4f10-92bd-4acefaecbd38/messages,200,74,3fa85f64-5717-4562-b3fc-2c963f66afa6,Mozilla/5.0 (Windows NT 10.0; Win64; x64) Chrome/141.0
2026-08-30 16:04:00,GET,/conversations/830e07bc-1e39-4f10-92bd-4acefaecbd38/messages,200,74,3fa85f64-5717-4562-b3fc-2c963f66afa6,Mozilla/5.0 (Windows NT 10.0; Win64; x64) Chrome/141.0
2026-08-30 16:04:00,GET,/me/conversations,200,49,,python-httpx/0.28.1
2026-08-30 16:05:00,GET,/me/conversations,200,63,,python-httpx/0.28.1
2026-08-30 16:06:00,GET,/me/conversations,200,46,,python-httpx/0.28.1
2026-08-30 16:06:00,POST,/conversations,200,107,5e90694f-0aca-43e6-b6dd-68daa289b104,Mozilla/5.0 (Windows NT 10.0; Win64; x64) Chrome/141.0
2026-08-30 16:06:00,POST,/conversations,200,107,5e90694f-0aca-43e6-b6dd-68daa289b104,Mozilla/5.0 (Windows NT 10.0; Win64; x64) Chrome/141.0
2026-08-30 16:07:00,GET,/me/conversations,200,24,,python-httpx/0.28.1
2026-08-30 16:08:00,GET,/me/conversations,200,31,,python-httpx/0.28.1
2026-08-30 16:09:00,GET,/me/conversations,200,26,,python-httpx/0.28.1
2026-08-30 16:10:00,GET,/me/conversations,200,60,,python-httpx/0.28.1
2026-08-30 16:11:00,GET,/me/conversations,200,62,,python-httpx/0.28.1
2026-08-30 16:11:00,GET,/me,200,23,a92f4d18-6b77-4c55-9e02-1f3b7c8d4e6a,Mozilla/5.0 (Windows NT 10.0; Win64; x64) Chrome/141.0
2026-08-30 16:12:00,GET,/me/conversations,200,26,,python-httpx/0.28.1
2026-08-30 16:13:00,GET,/me/conversations,200,60,,python-httpx/0.28.1
2026-08-30 16:14:00,GET,/conversations/8e81973e-0bec-47b0-b898-d190f9ebdacc/messages,200,74,3fa85f64-5717-4562-b3fc-2c963f66afa6,Mozilla/5.0 (Windows NT 10.0; Win64; x64) Chrome/141.0
2026-08-30 16:14:00,GET,/me/conversations,200,43,,python-httpx/0.28.1
2026-08-30 16:15:00,GET,/me/conversations,200,22,,python-httpx/0.28.1
2026-08-30 16:16:00,GET,/me/conversations,200,23,,python-httpx/0.28.1
2026-08-30 16:17:00,GET,/me/conversations,200,35,,python-httpx/0.28.1
2026-08-30 16:17:00,GET,/me/conversations,200,,5e90694f-0aca-43e6-b6dd-68daa289b104,Mozilla/5.0 (Windows NT 10.0; Win64; x64) Chrome/141.0
2026-08-30 16:18:00,GET,/me/conversations,200,79,3fa85f64-5717-4562-b3fc-2c963f66afa6,Mozilla/5.0 (Windows NT 10.0; Win64; x64) Chrome/141.0
2026-08-30 16:18:00,GET,/me/conversations,200,45,,python-httpx/0.28.1
2026-08-30 16:18:00,GET,/me/conversations,200,79,3fa85f64-5717-4562-b3fc-2c963f66afa6,Mozilla/5.0 (Windows NT 10.0; Win64; x64) Chrome/141.0
2026-08-30 16:19:00,GET,/me/conversations,200,35,,python-httpx/0.28.1
2026-08-30 16:22:00,GET,/me/conversations,200,79,3fa85f64-5717-4562-b3fc-2c963f66afa6,Mozilla/5.0 (Windows NT 10.0; Win64; x64) Chrome/141.0
2026-08-30 16:23:00,GET,/me/conversations,200,,5e90694f-0aca-43e6-b6dd-68daa289b104,Mozilla/5.0 (Windows NT 10.0; Win64; x64) Chrome/141.0
2026-08-30 16:24:00,GET,/me,200,53,5e90694f-0aca-43e6-b6dd-68daa289b104,Mozilla/5.0 (Windows NT 10.0; Win64; x64) Chrome/141.0
